user_screen_name,created_at,cumulative_sentiment,Month
doritmi,2020-01-23 23:06:52+00:00,-0.29600000000000004,January 2020
PrincessBibiRF_,2020-01-26 04:15:56+00:00,0.3182,January 2020
PrincessBibiRF_,2020-01-28 19:09:40+00:00,0.0701,January 2020
PrincessBibiRF_,2020-01-28 19:09:40+00:00,-0.17800000000000002,January 2020
world_news_eng,2020-01-30 13:33:01+00:00,0.6597,January 2020
PrincessBibiRF_,2020-01-31 00:09:04+00:00,0.5870000000000001,January 2020
doritmi,2020-02-03 05:01:05+00:00,-1.0677,February 2020
AndyVermaut,2020-02-05 12:03:33+00:00,0.0,February 2020
doritmi,2020-02-05 20:57:48+00:00,-1.294,February 2020
mlnangalama,2020-02-11 04:22:33+00:00,0.25,February 2020
PrincessBibiRF_,2020-02-16 05:32:52+00:00,0.5870000000000001,February 2020
PrincessBibiRF_,2020-02-20 04:58:01+00:00,1.0085,February 2020
PrincessBibiRF_,2020-02-20 12:09:52+00:00,0.7585,February 2020
world_news_eng,2020-02-20 21:55:02+00:00,0.4098999999999999,February 2020
doritmi,2020-02-25 11:22:20+00:00,-1.294,February 2020
PrincessBibiRF_,2020-02-27 08:00:50+00:00,0.7843,February 2020
PrincessBibiRF_,2020-03-03 22:50:10+00:00,0.7843,March 2020
PrincessBibiRF_,2020-03-04 05:45:08+00:00,0.4883,March 2020
PrincessBibiRF_,2020-03-04 16:38:57+00:00,0.20680000000000004,March 2020
adventuremotive,2020-03-09 02:27:58+00:00,-0.0191,March 2020
ExBulletinUk,2020-03-19 12:47:59+00:00,-0.4404,March 2020
SputnikInt,2020-03-20 01:54:31+00:00,0.2666,March 2020
PrincessBibiRF_,2020-03-22 03:28:53+00:00,0.20680000000000004,March 2020
ExBulletinUk,2020-03-22 07:12:57+00:00,-0.49200000000000005,March 2020
threadreaderapp,2020-03-24 01:58:41+00:00,0.4926,March 2020
newscenterPHL1,2020-03-27 13:11:25+00:00,0.5574,March 2020
scarletmonahan,2020-03-29 01:22:27+00:00,0.0,March 2020
adventuremotive,2020-03-30 05:15:13+00:00,0.3221,March 2020
SputnikInt,2020-04-03 02:22:58+00:00,0.5905,April 2020
Reuters,2020-04-04 22:20:29+00:00,0.0,April 2020
ZyiteGadgets,2020-04-07 00:51:33+00:00,0.3612,April 2020
SputnikInt,2020-04-08 10:48:16+00:00,0.7684,April 2020
world_news_eng,2020-04-11 07:25:01+00:00,0.4098999999999999,April 2020
adventuremotive,2020-04-14 11:56:22+00:00,0.4248,April 2020
newscenterPHL1,2020-04-16 08:22:37+00:00,0.5574,April 2020
ITProfess_Actor,2020-04-16 11:23:40+00:00,0.6523,April 2020
scarletmonahan,2020-04-19 10:13:17+00:00,0.0,April 2020
Reuters,2020-04-22 07:55:46+00:00,-0.7579,April 2020
PrincessBibiRF_,2020-04-22 17:44:35+00:00,0.20680000000000004,April 2020
ZyiteGadgets,2020-04-23 04:49:36+00:00,0.3612,April 2020
Reuters,2020-04-24 09:55:21+00:00,-0.7579,April 2020
iWeller_health,2020-05-03 16:47:51+00:00,0.0,May 2020
iWeller_health,2020-05-05 07:40:45+00:00,0.7964,May 2020
iWeller_health,2020-05-07 14:27:49+00:00,0.3025,May 2020
PrincessBibiRF_,2020-05-16 10:22:19+00:00,0.20680000000000004,May 2020
iWeller_health,2020-05-18 07:40:20+00:00,-0.07929999999999998,May 2020
ExBulletinUk,2020-05-19 00:21:48+00:00,-0.0901,May 2020
CoronaUpdateBot,2020-05-19 04:55:10+00:00,0.3182,May 2020
adventuremotive,2020-05-20 14:02:29+00:00,0.8279000000000001,May 2020
PrincessBibiRF_,2020-05-23 18:22:24+00:00,-0.3198999999999999,May 2020
iWeller_health,2020-05-25 05:52:08+00:00,-0.07929999999999998,May 2020
iWeller_health,2020-05-26 08:52:26+00:00,-0.07929999999999998,May 2020
SputnikInt,2020-05-29 02:14:20+00:00,0.7684,May 2020
ITProfess_Actor,2020-05-30 11:12:49+00:00,0.8383,May 2020
SputnikInt,2020-05-31 15:54:30+00:00,1.0184,May 2020
iWeller_health,2020-06-01 14:50:06+00:00,-0.07929999999999998,June 2020
viralvideovlogs,2020-06-03 11:25:32+00:00,0.0,June 2020
mlnangalama,2020-06-06 22:03:02+00:00,1.0626,June 2020
adventuremotive,2020-06-07 01:22:23+00:00,1.1691,June 2020
newsfilterio,2020-06-08 15:19:39+00:00,0.0,June 2020
SputnikInt,2020-06-08 19:36:00+00:00,1.0184,June 2020
newsfilterio,2020-06-08 20:09:27+00:00,0.0,June 2020
PrincessBibiRF_,2020-06-08 22:28:52+00:00,-0.2426999999999999,June 2020
viralvideovlogs,2020-06-11 03:34:10+00:00,-0.5106,June 2020
adventuremotive,2020-06-11 14:05:46+00:00,1.5103,June 2020
CoronaUpdateBot,2020-06-12 10:30:10+00:00,0.0222,June 2020
PrincessBibiRF_,2020-06-15 15:14:59+00:00,0.0812000000000001,June 2020
AndyVermaut,2020-06-15 22:30:35+00:00,-0.128,June 2020
CoronaUpdateBot,2020-06-16 03:07:42+00:00,0.0222,June 2020
AndyVermaut,2020-06-16 05:41:32+00:00,-0.1471,June 2020
adventuremotive,2020-06-16 16:04:43+00:00,1.6798,June 2020
Reuters,2020-06-16 18:16:37+00:00,-0.06710000000000005,June 2020
world_news_eng,2020-06-17 02:40:01+00:00,0.4098999999999999,June 2020
ITProfess_Actor,2020-06-17 03:39:33+00:00,1.0243,June 2020
SputnikInt,2020-06-17 12:08:18+00:00,1.2684,June 2020
mlnangalama,2020-06-19 07:48:33+00:00,1.1398,June 2020
CoronaUpdateBot,2020-06-19 08:30:05+00:00,0.0222,June 2020
CoronaUpdateBot,2020-06-20 06:33:06+00:00,-0.029400000000000006,June 2020
world_news_eng,2020-06-23 07:40:03+00:00,0.4356999999999999,June 2020
SputnikInt,2020-06-26 20:41:20+00:00,1.1153,June 2020
CoronaUpdateBot,2020-06-28 12:50:07+00:00,0.33180000000000004,June 2020
iWeller_health,2020-06-29 10:35:35+00:00,-0.1051,June 2020
AndyVermaut,2020-06-29 23:13:03+00:00,-0.772,June 2020
ITProfess_Actor,2020-06-30 01:46:25+00:00,1.2103,June 2020
CoronaUpdateBot,2020-07-01 22:59:21+00:00,0.33180000000000004,July 2020
jeremy_hume,2020-07-01 23:32:33+00:00,-0.374,July 2020
ExBulletinUk,2020-07-02 16:33:50+00:00,-0.0901,July 2020
world_news_eng,2020-07-02 17:35:01+00:00,0.014199999999999938,July 2020
ExBulletinUk,2020-07-08 03:31:04+00:00,-0.4513,July 2020
SputnikInt,2020-07-08 03:35:23+00:00,1.1153,July 2020
SputnikInt,2020-07-09 04:59:07+00:00,1.1153,July 2020
viralvideovlogs,2020-07-09 15:04:50+00:00,0.2738999999999999,July 2020
world_news_eng,2020-07-10 00:50:01+00:00,0.014199999999999938,July 2020
SputnikInt,2020-07-10 01:32:43+00:00,1.1153,July 2020
CoronaUpdateBot,2020-07-10 10:33:56+00:00,0.33180000000000004,July 2020
ITProfess_Actor,2020-07-10 12:26:59+00:00,1.3963,July 2020
ITProfess_Actor,2020-07-11 11:35:49+00:00,2.1961,July 2020
newsfilterio,2020-07-12 08:53:58+00:00,-0.5994,July 2020
newsfilterio,2020-07-13 11:45:19+00:00,-0.5994,July 2020
ITProfess_Actor,2020-07-14 08:29:18+00:00,2.3821,July 2020
threadreaderapp,2020-07-15 08:19:28+00:00,0.6705,July 2020
CoronaUpdateBot,2020-07-16 08:40:37+00:00,0.3700000000000001,July 2020
ExBulletinUk,2020-07-17 05:35:14+00:00,-0.06950000000000006,July 2020
iWeller_health,2020-07-17 11:10:51+00:00,0.2767,July 2020
viralvideovlogs,2020-07-18 10:07:02+00:00,0.2738999999999999,July 2020
VIKBataille,2020-07-19 02:02:20+00:00,-0.8225,July 2020
viralvideovlogs,2020-07-20 15:39:05+00:00,1.0865,July 2020
newscenterPHL1,2020-07-21 07:36:15+00:00,1.37,July 2020
world_news_eng,2020-07-21 13:35:02+00:00,0.5860999999999998,July 2020
ExBulletinUk,2020-07-22 00:30:58+00:00,-0.7503,July 2020
adventuremotive,2020-07-22 18:15:24+00:00,2.021,July 2020
CoronaUpdateBot,2020-07-22 22:01:51+00:00,0.4727000000000001,July 2020
CoronaUpdateBot,2020-07-23 02:36:21+00:00,0.9037,July 2020
adventuremotive,2020-07-23 08:43:21+00:00,2.021,July 2020
CoronaUpdateBot,2020-07-23 13:24:07+00:00,0.055600000000000094,July 2020
lizditz,2020-07-24 16:31:05+00:00,-0.2263,July 2020
CoronaUpdateBot,2020-07-25 07:38:39+00:00,0.055600000000000094,July 2020
doritmi,2020-07-26 20:10:27+00:00,-1.294,July 2020
world_news_eng,2020-07-29 06:00:02+00:00,0.5860999999999998,July 2020
newscenterPHL1,2020-07-29 07:39:41+00:00,1.6432000000000002,July 2020
CoronaUpdateBot,2020-07-29 13:26:05+00:00,0.055600000000000094,July 2020
CoronaUpdateBot,2020-07-30 22:35:10+00:00,0.1836000000000001,July 2020
CoronaUpdateBot,2020-07-30 23:00:20+00:00,-0.1575999999999999,July 2020
ITProfess_Actor,2020-07-31 13:45:49+00:00,2.5681,July 2020
CoronaUpdateBot,2020-08-01 09:00:33+00:00,-0.1575999999999999,August 2020
ExBulletinUk,2020-08-01 18:14:21+00:00,-1.1115,August 2020
CoronaUpdateBot,2020-08-02 08:00:05+00:00,-0.1575999999999999,August 2020
newsfilterio,2020-08-05 10:07:26+00:00,-0.5994,August 2020
AndyVermaut,2020-08-05 13:38:40+00:00,-0.772,August 2020
adventuremotive,2020-08-06 16:32:20+00:00,2.021,August 2020
jeremy_hume,2020-08-08 09:35:06+00:00,0.06640000000000001,August 2020
viralvideovlogs,2020-08-09 15:07:49+00:00,0.4555,August 2020
PrincessBibiRF_,2020-08-11 18:44:58+00:00,-0.1450999999999999,August 2020
VIKBataille,2020-08-11 23:47:39+00:00,-0.3458,August 2020
mlnangalama,2020-08-12 02:04:33+00:00,1.4129999999999998,August 2020
SputnikInt,2020-08-13 06:41:38+00:00,2.0202,August 2020
VIKBataille,2020-08-14 08:47:55+00:00,-0.3458,August 2020
Reuters,2020-08-14 10:19:15+00:00,-0.06710000000000005,August 2020
mlnangalama,2020-08-14 11:53:04+00:00,1.9397,August 2020
mlnangalama,2020-08-15 12:58:04+00:00,2.3985,August 2020
VIKBataille,2020-08-17 22:50:39+00:00,-0.2686,August 2020
iWeller_health,2020-08-18 11:09:17+00:00,0.2767,August 2020
AJBlackston,2020-08-18 14:08:04+00:00,0.5994,August 2020
ZyiteGadgets,2020-08-19 00:33:32+00:00,0.3612,August 2020
VIKBataille,2020-08-19 02:09:04+00:00,-0.2686,August 2020
world_news_eng,2020-08-19 10:05:30+00:00,0.04379999999999984,August 2020
iWeller_health,2020-08-19 23:12:17+00:00,0.4978,August 2020
mlnangalama,2020-08-20 11:17:32+00:00,2.3985,August 2020
VIKBataille,2020-08-21 00:05:19+00:00,-0.6705,August 2020
AIExpert14,2020-08-23 18:39:22+00:00,0.6588,August 2020
SputnikInt,2020-08-24 02:19:27+00:00,2.0202,August 2020
news24x75,2020-08-24 06:16:42+00:00,0.4588,August 2020
threadreaderapp,2020-08-24 15:22:15+00:00,0.6705,August 2020
adventuremotive,2020-08-27 10:12:16+00:00,2.021,August 2020
doritmi,2020-08-27 14:50:25+00:00,-1.294,August 2020
AIExpert14,2020-08-28 09:10:26+00:00,1.4809,August 2020
AIExpert14,2020-08-28 09:41:12+00:00,2.303,August 2020
SputnikInt,2020-08-29 01:11:16+00:00,1.4207999999999998,August 2020
VIKBataille,2020-08-29 21:40:35+00:00,-1.1972,August 2020
Reuters,2020-08-30 17:15:07+00:00,-0.06710000000000005,August 2020
mlnangalama,2020-08-31 12:32:06+00:00,2.3985,August 2020
lizditz,2020-09-02 00:40:48+00:00,-0.5445,September 2020
ITProfess_Actor,2020-09-02 10:32:06+00:00,2.7541,September 2020
ITProfess_Actor,2020-09-02 21:01:47+00:00,2.9401,September 2020
news24x75,2020-09-03 07:46:53+00:00,1.0162,September 2020
AIExpert14,2020-09-03 11:08:43+00:00,3.1251,September 2020
AIExpert14,2020-09-03 11:34:25+00:00,3.9472,September 2020
globalfirstnews,2020-09-03 14:34:08+00:00,-0.2235,September 2020
news24x75,2020-09-03 14:41:37+00:00,0.4895000000000001,September 2020
news24x75,2020-09-04 00:41:38+00:00,1.2072,September 2020
viralvideovlogs,2020-09-04 03:22:19+00:00,0.4555,September 2020
newscenterPHL1,2020-09-04 08:17:28+00:00,1.6432000000000002,September 2020
iWeller_health,2020-09-04 13:24:52+00:00,1.0552,September 2020
ZyiteGadgets,2020-09-04 14:17:41+00:00,0.3612,September 2020
AIExpert14,2020-09-04 20:12:54+00:00,4.606,September 2020
newscenterPHL1,2020-09-05 12:08:21+00:00,0.9317000000000002,September 2020
realBenTalks,2020-09-06 13:32:09+00:00,0.3612,September 2020
CoronaUpdateBot,2020-09-07 00:10:12+00:00,0.16060000000000008,September 2020
viralvideovlogs,2020-09-07 03:15:21+00:00,0.4555,September 2020
ITProfess_Actor,2020-09-07 08:06:46+00:00,3.1261,September 2020
ITProfess_Actor,2020-09-08 08:09:27+00:00,3.9005,September 2020
CoronaUpdateBot,2020-09-08 14:27:43+00:00,0.5821000000000001,September 2020
ITProfess_Actor,2020-09-08 15:37:13+00:00,4.0865,September 2020
ZyiteGadgets,2020-09-09 01:49:08+00:00,0.8718000000000001,September 2020
VIKBataille,2020-09-09 03:15:49+00:00,-1.1972,September 2020
news24x75,2020-09-09 11:37:27+00:00,0.6805000000000001,September 2020
SputnikInt,2020-09-10 08:51:00+00:00,2.0805,September 2020
iWeller_health,2020-09-10 11:49:32+00:00,1.0552,September 2020
newsfilterio,2020-09-11 05:58:43+00:00,-0.5994,September 2020
ITProfess_Actor,2020-09-12 06:39:46+00:00,4.2725,September 2020
realBenTalks,2020-09-12 09:38:33+00:00,0.3612,September 2020
world_news_eng,2020-09-12 14:50:06+00:00,0.04379999999999984,September 2020
ZyiteGadgets,2020-09-14 11:08:09+00:00,0.8718000000000001,September 2020
ZyiteGadgets,2020-09-15 03:10:05+00:00,0.8718000000000001,September 2020
globalfirstnews,2020-09-15 06:04:06+00:00,0.3889,September 2020
realBenTalks,2020-09-15 18:21:54+00:00,0.3612,September 2020
ExBulletinUk,2020-09-15 23:54:13+00:00,-1.1115,September 2020
CoronaUpdateBot,2020-09-16 06:49:42+00:00,0.5821000000000001,September 2020
CoronaUpdateBot,2020-09-16 17:09:21+00:00,0.5821000000000001,September 2020
world_news_eng,2020-09-17 04:05:03+00:00,0.04379999999999984,September 2020
globalfirstnews,2020-09-17 15:25:09+00:00,0.3889,September 2020
viralvideovlogs,2020-09-17 19:33:03+00:00,0.8167,September 2020
viralvideovlogs,2020-09-17 22:19:13+00:00,0.8167,September 2020
ITProfess_Actor,2020-09-18 07:52:33+00:00,4.4585,September 2020
ITProfess_Actor,2020-09-18 07:52:47+00:00,4.6445,September 2020
ITProfess_Actor,2020-09-18 08:20:07+00:00,4.8305,September 2020
realBenTalks,2020-09-18 12:21:23+00:00,-0.02059999999999995,September 2020
VIKBataille,2020-09-18 23:55:21+00:00,-0.6195,September 2020
threadreaderapp,2020-09-20 01:13:51+00:00,1.4056,September 2020
realBenTalks,2020-09-20 02:06:20+00:00,0.05660000000000005,September 2020
realBenTalks,2020-09-20 04:33:27+00:00,-0.32519999999999993,September 2020
vmrwanda,2020-09-20 09:50:06+00:00,-0.3818,September 2020
doritmi,2020-09-20 15:11:36+00:00,-0.5038,September 2020
CoronaUpdateBot,2020-09-20 20:52:11+00:00,0.5821000000000001,September 2020
vmrwanda,2020-09-20 21:20:10+00:00,-0.9812,September 2020
jeremy_hume,2020-09-21 13:17:27+00:00,-0.2933,September 2020
vmrwanda,2020-09-21 14:10:07+00:00,-0.9812,September 2020
world_news_eng,2020-09-21 15:05:05+00:00,0.04379999999999984,September 2020
AndyVermaut,2020-09-22 07:42:04+00:00,-0.8747,September 2020
CoronaUpdateBot,2020-09-22 13:36:12+00:00,0.5821000000000001,September 2020
newsfilterio,2020-09-22 17:00:09+00:00,-0.5994,September 2020
africanaffairs,2020-09-22 18:21:22+00:00,0.2714,September 2020
PrincessBibiRF_,2020-09-23 02:39:10+00:00,-0.1450999999999999,September 2020
ITProfess_Actor,2020-09-23 07:29:57+00:00,5.0165,September 2020
jeremy_hume,2020-09-23 08:11:42+00:00,-0.653,September 2020
AIExpert14,2020-09-23 17:43:19+00:00,5.4232,September 2020
AIExpert14,2020-09-23 18:05:33+00:00,6.240399999999998,September 2020
jeremy_hume,2020-09-23 19:48:03+00:00,-1.0127000000000002,September 2020
CoronaUpdateBot,2020-09-24 15:13:09+00:00,0.5821000000000001,September 2020
AIExpert14,2020-09-24 18:03:26+00:00,7.057599999999999,September 2020
viralvideovlogs,2020-09-24 21:01:37+00:00,0.8939,September 2020
realBenTalks,2020-09-24 22:07:14+00:00,0.09630000000000004,September 2020
world_news_eng,2020-09-25 00:50:01+00:00,0.8001999999999998,September 2020
iWeller_health,2020-09-25 03:52:08+00:00,1.5319000000000005,September 2020
ExBulletinUk,2020-09-26 14:36:23+00:00,-1.7239,September 2020
VIKBataille,2020-09-26 23:28:52+00:00,-1.0013,September 2020
threadreaderapp,2020-09-28 06:55:07+00:00,2.0295,September 2020
ITProfess_Actor,2020-09-28 08:58:01+00:00,5.2025,September 2020
jeremy_hume,2020-09-29 12:19:52+00:00,-0.7847000000000002,September 2020
vmrwanda,2020-09-29 13:20:05+00:00,-0.9812,September 2020
jeremy_hume,2020-09-30 06:16:30+00:00,-0.8857000000000002,September 2020
vmrwanda,2020-09-30 06:25:10+00:00,-0.9812,September 2020
ITProfess_Actor,2020-09-30 12:04:58+00:00,5.3885,September 2020
threadreaderapp,2020-09-30 12:39:38+00:00,2.3907000000000003,September 2020
AndyVermaut,2020-10-01 02:12:08+00:00,-1.1502,October 2020
africanaffairs,2020-10-01 07:17:30+00:00,-0.0277,October 2020
viralvideovlogs,2020-10-01 19:04:15+00:00,0.8939,October 2020
news24x75,2020-10-02 10:50:38+00:00,0.2987000000000001,October 2020
scarletmonahan,2020-10-02 14:49:01+00:00,0.0,October 2020
jeremy_hume,2020-10-02 22:25:55+00:00,-1.2454,October 2020
SputnikInt,2020-10-04 05:29:00+00:00,2.0805,October 2020
jeremy_hume,2020-10-04 07:51:06+00:00,-1.6051000000000002,October 2020
mlnangalama,2020-10-05 09:29:04+00:00,2.82,October 2020
AndyVermaut,2020-10-05 13:27:32+00:00,-1.1502,October 2020
threadreaderapp,2020-10-06 04:09:46+00:00,2.8311,October 2020
newsfilterio,2020-10-06 08:39:44+00:00,-0.5994,October 2020
scarletmonahan,2020-10-06 13:44:20+00:00,-0.5994,October 2020
vmrwanda,2020-10-07 00:40:08+00:00,-0.6200000000000001,October 2020
vmrwanda,2020-10-07 21:00:02+00:00,-0.6200000000000001,October 2020
jeremy_hume,2020-10-09 12:58:19+00:00,-1.9648000000000003,October 2020
jeremy_hume,2020-10-09 13:16:17+00:00,-1.7368000000000003,October 2020
jeremy_hume,2020-10-10 08:34:11+00:00,-1.4919000000000002,October 2020
ITProfess_Actor,2020-10-10 11:08:41+00:00,5.5745,October 2020
ITProfess_Actor,2020-10-10 11:23:04+00:00,5.7605,October 2020
jeremy_hume,2020-10-10 22:00:51+00:00,-1.8516000000000004,October 2020
africanaffairs,2020-10-11 13:24:20+00:00,0.2437,October 2020
realBenTalks,2020-10-11 14:05:24+00:00,-0.3055999999999999,October 2020
jeremy_hume,2020-10-11 19:22:48+00:00,-2.2113000000000005,October 2020
jeremy_hume,2020-10-11 20:53:20+00:00,-1.9833000000000005,October 2020
adventuremotive,2020-10-11 23:52:29+00:00,2.021,October 2020
CoronaUpdateBot,2020-10-12 06:53:31+00:00,0.5821000000000001,October 2020
Reuters,2020-10-12 07:25:03+00:00,-0.06710000000000005,October 2020
ITProfess_Actor,2020-10-12 07:46:51+00:00,5.9465,October 2020
ITProfess_Actor,2020-10-12 08:01:59+00:00,6.1324999999999985,October 2020
newsfilterio,2020-10-12 11:02:19+00:00,-0.3731,October 2020
CoronaUpdateBot,2020-10-13 02:03:11+00:00,0.10930000000000006,October 2020
newsfilterio,2020-10-13 07:41:25+00:00,-0.8826,October 2020
Reuters,2020-10-13 08:26:48+00:00,-0.06710000000000005,October 2020
jeremy_hume,2020-10-13 09:25:58+00:00,-1.7793000000000003,October 2020
africanaffairs,2020-10-13 09:49:33+00:00,0.5150999999999999,October 2020
CoronaUpdateBot,2020-10-13 21:01:05+00:00,0.6516000000000001,October 2020
iWeller_health,2020-10-14 08:07:35+00:00,1.8051000000000004,October 2020
world_news_eng,2020-10-14 15:55:02+00:00,1.1402,October 2020
CoronaUpdateBot,2020-10-14 20:15:08+00:00,0.6516000000000001,October 2020
CoronaUpdateBot,2020-10-15 03:15:05+00:00,0.8779000000000001,October 2020
ExBulletinUk,2020-10-15 12:34:16+00:00,-1.9971,October 2020
realBenTalks,2020-10-15 17:17:40+00:00,-0.7823,October 2020
SputnikInt,2020-10-15 20:31:09+00:00,1.4810999999999996,October 2020
SputnikInt,2020-10-15 20:47:33+00:00,1.4810999999999996,October 2020
world_news_eng,2020-10-16 08:35:01+00:00,0.7584,October 2020
jeremy_hume,2020-10-16 09:47:51+00:00,-2.1390000000000007,October 2020
jeremy_hume,2020-10-16 10:18:48+00:00,-1.9110000000000007,October 2020
jeremy_hume,2020-10-16 13:36:45+00:00,-2.2707000000000006,October 2020
africanaffairs,2020-10-16 13:40:14+00:00,0.7864999999999999,October 2020
realBenTalks,2020-10-17 15:40:18+00:00,-1.1641,October 2020
jeremy_hume,2020-10-17 21:23:46+00:00,-2.6304000000000007,October 2020
africanaffairs,2020-10-18 07:37:42+00:00,1.4225,October 2020
ITProfess_Actor,2020-10-18 10:48:31+00:00,6.584,October 2020
realBenTalks,2020-10-19 12:33:20+00:00,-1.1641,October 2020
realBenTalks,2020-10-19 15:50:19+00:00,-1.1641,October 2020
jeremy_hume,2020-10-19 19:34:24+00:00,-2.4024000000000005,October 2020
africanaffairs,2020-10-19 22:50:36+00:00,1.6938999999999995,October 2020
CoronaUpdateBot,2020-10-19 22:50:49+00:00,1.4903000000000002,October 2020
jeremy_hume,2020-10-20 12:56:04+00:00,-2.1744000000000003,October 2020
realBenTalks,2020-10-21 03:20:25+00:00,-0.8680999999999999,October 2020
ITProfess_Actor,2020-10-21 07:55:37+00:00,7.0355,October 2020
SputnikInt,2020-10-21 12:03:29+00:00,1.9458999999999995,October 2020
newsfilterio,2020-10-21 17:15:41+00:00,-1.3932000000000002,October 2020
viralvideovlogs,2020-10-21 17:43:01+00:00,1.6445,October 2020
AJBlackston,2020-10-22 00:35:52+00:00,0.6252000000000001,October 2020
realBenTalks,2020-10-22 06:50:59+00:00,-0.8680999999999999,October 2020
viralvideovlogs,2020-10-22 09:03:50+00:00,1.6445,October 2020
jeremy_hume,2020-10-22 20:19:34+00:00,-1.9295000000000004,October 2020
jeremy_hume,2020-10-22 22:28:43+00:00,-1.7015000000000005,October 2020
world_news_eng,2020-10-23 05:30:01+00:00,0.2645,October 2020
viralvideovlogs,2020-10-24 03:28:24+00:00,2.3946,October 2020
africanaffairs,2020-10-24 23:33:33+00:00,2.0741,October 2020
realBenTalks,2020-10-25 05:03:47+00:00,-1.2699999999999998,October 2020
jeremy_hume,2020-10-25 21:00:49+00:00,-1.4735000000000005,October 2020
CoronaUpdateBot,2020-10-26 10:25:02+00:00,1.4903000000000002,October 2020
CoronaUpdateBot,2020-10-27 08:47:13+00:00,1.4903000000000002,October 2020
world_news_eng,2020-10-27 16:25:01+00:00,0.2645,October 2020
jeremy_hume,2020-10-29 00:08:21+00:00,-1.8332000000000008,October 2020
SputnikInt,2020-10-29 04:10:32+00:00,2.0230999999999995,October 2020
realBenTalks,2020-10-29 11:06:17+00:00,-1.2699999999999998,October 2020
world_news_eng,2020-10-29 16:25:04+00:00,0.03819999999999996,October 2020
CoronaUpdateBot,2020-10-30 09:47:48+00:00,1.4903000000000002,October 2020
jeremy_hume,2020-10-30 19:27:11+00:00,-2.1929000000000007,October 2020
jeremy_hume,2020-10-30 22:36:53+00:00,-2.552600000000001,October 2020
iWeller_health,2020-10-30 23:06:15+00:00,1.3112000000000004,October 2020
VIKBataille,2020-10-31 00:46:46+00:00,-1.3265,October 2020
vmrwanda,2020-10-31 13:10:03+00:00,-0.6200000000000001,October 2020
VIKBataille,2020-10-31 20:43:54+00:00,-0.9246,October 2020
VIKBataille,2020-10-31 21:11:33+00:00,-0.9246,October 2020
africanaffairs,2020-11-01 03:52:39+00:00,2.3454999999999995,November 2020
scarletmonahan,2020-11-01 22:06:33+00:00,-1.412,November 2020
africanaffairs,2020-11-02 06:25:48+00:00,2.6169,November 2020
realBenTalks,2020-11-02 06:32:38+00:00,-1.2699999999999998,November 2020
globalfirstnews,2020-11-02 08:35:34+00:00,0.3889,November 2020
jeremy_hume,2020-11-02 11:24:56+00:00,-2.655300000000001,November 2020
jeremy_hume,2020-11-02 14:37:18+00:00,-2.1207000000000007,November 2020
iWeller_health,2020-11-02 15:12:23+00:00,1.4392000000000005,November 2020
jeremy_hume,2020-11-03 14:12:51+00:00,-1.8927000000000007,November 2020
SputnikInt,2020-11-03 14:40:38+00:00,2.5805,November 2020
CoronaUpdateBot,2020-11-04 00:47:22+00:00,1.4903000000000002,November 2020
CoronaUpdateBot,2020-11-04 05:49:05+00:00,2.1304000000000003,November 2020
CoronaUpdateBot,2020-11-04 10:35:12+00:00,2.1304000000000003,November 2020
jeremy_hume,2020-11-04 17:01:57+00:00,-1.9954000000000007,November 2020
CoronaUpdateBot,2020-11-05 04:54:05+00:00,2.1304000000000003,November 2020
scarletmonahan,2020-11-05 13:00:34+00:00,-1.412,November 2020
ITProfess_Actor,2020-11-05 14:30:31+00:00,7.2215,November 2020
lizditz,2020-11-06 04:30:44+00:00,0.13629999999999998,November 2020
AndyVermaut,2020-11-06 06:42:36+00:00,-1.5114,November 2020
CoronaUpdateBot,2020-11-06 10:00:06+00:00,2.1304000000000003,November 2020
jeremy_hume,2020-11-06 21:11:16+00:00,-1.7674000000000012,November 2020
vmrwanda,2020-11-07 03:05:08+00:00,-0.1796000000000001,November 2020
jeremy_hume,2020-11-08 14:15:41+00:00,-1.8684000000000007,November 2020
jeremy_hume,2020-11-08 17:05:35+00:00,-1.8112000000000013,November 2020
jeremy_hume,2020-11-08 17:21:46+00:00,-2.1669000000000014,November 2020
AJBlackston,2020-11-08 20:30:56+00:00,1.4097,November 2020
jeremy_hume,2020-11-09 06:07:57+00:00,-1.9220000000000013,November 2020
jeremy_hume,2020-11-09 09:17:04+00:00,-2.2121000000000013,November 2020
jeremy_hume,2020-11-09 10:00:39+00:00,-2.438400000000001,November 2020
CoronaUpdateBot,2020-11-09 11:55:56+00:00,2.6071000000000004,November 2020
AndyVermaut,2020-11-09 14:52:04+00:00,-1.5114,November 2020
CoronaUpdateBot,2020-11-09 21:24:10+00:00,3.1998000000000006,November 2020
jeremy_hume,2020-11-10 08:26:11+00:00,-2.2344000000000013,November 2020
realBenTalks,2020-11-10 08:36:45+00:00,-0.8484999999999998,November 2020
jeremy_hume,2020-11-10 09:40:26+00:00,-2.030400000000001,November 2020
africanaffairs,2020-11-10 09:59:16+00:00,2.8882999999999988,November 2020
CoronaUpdateBot,2020-11-10 11:01:23+00:00,3.5610000000000013,November 2020
vmrwanda,2020-11-10 11:30:12+00:00,-0.1796000000000001,November 2020
vmrwanda,2020-11-10 20:20:12+00:00,-0.1796000000000001,November 2020
vmrwanda,2020-11-11 06:45:04+00:00,-0.4059000000000001,November 2020
Reuters,2020-11-11 10:25:09+00:00,0.4096,November 2020
jeremy_hume,2020-11-11 11:52:45+00:00,-2.390100000000001,November 2020
CoronaUpdateBot,2020-11-11 12:14:38+00:00,3.5610000000000013,November 2020
africanaffairs,2020-11-11 12:23:37+00:00,2.092399999999999,November 2020
africanaffairs,2020-11-11 12:59:24+00:00,2.363799999999999,November 2020
vmrwanda,2020-11-11 13:30:12+00:00,0.07079999999999992,November 2020
AndyVermaut,2020-11-11 14:32:04+00:00,-2.0053,November 2020
africanaffairs,2020-11-11 15:28:22+00:00,2.6351999999999993,November 2020
vmrwanda,2020-11-11 17:15:02+00:00,0.07079999999999992,November 2020
CoronaUpdateBot,2020-11-11 19:20:56+00:00,3.9825000000000013,November 2020
viralvideovlogs,2020-11-12 01:59:48+00:00,2.3946,November 2020
africanaffairs,2020-11-12 04:06:52+00:00,2.9065999999999987,November 2020
PluginTwter,2020-11-12 06:45:56+00:00,0.8271,November 2020
africanaffairs,2020-11-12 08:05:17+00:00,3.1779999999999986,November 2020
newsfilterio,2020-11-12 08:59:28+00:00,-0.9528000000000002,November 2020
ZyiteGadgets,2020-11-14 01:32:33+00:00,1.5721000000000005,November 2020
scarletmonahan,2020-11-14 06:07:08+00:00,-2.0114,November 2020
jeremy_hume,2020-11-14 13:59:54+00:00,-2.4911000000000008,November 2020
jeremy_hume,2020-11-15 00:27:38+00:00,-2.8508000000000013,November 2020
vmrwanda,2020-11-15 09:55:02+00:00,0.7615999999999998,November 2020
CoronaUpdateBot,2020-11-15 13:56:19+00:00,3.686500000000001,November 2020
world_news_eng,2020-11-15 21:50:03+00:00,-0.4206,November 2020
AndyVermaut,2020-11-15 23:13:33+00:00,-1.5649000000000002,November 2020
AJBlackston,2020-11-16 14:18:32+00:00,1.7279,November 2020
newsfilterio,2020-11-16 15:19:05+00:00,-0.7265000000000001,November 2020
vmrwanda,2020-11-16 17:10:07+00:00,0.8769999999999998,November 2020
viralvideovlogs,2020-11-16 18:03:12+00:00,2.8161,November 2020
world_news_eng,2020-11-16 19:15:03+00:00,-0.4206,November 2020
CoronaUpdateBot,2020-11-16 22:41:36+00:00,4.404900000000001,November 2020
SputnikInt,2020-11-16 23:46:00+00:00,2.5805,November 2020
jeremy_hume,2020-11-17 11:54:30+00:00,-3.2418000000000013,November 2020
iWeller_health,2020-11-17 13:09:38+00:00,1.4392000000000005,November 2020
viralvideovlogs,2020-11-17 15:53:41+00:00,3.5164,November 2020
jeremy_hume,2020-11-17 23:16:46+00:00,-3.013800000000001,November 2020
jeremy_hume,2020-11-18 00:29:12+00:00,-2.7858000000000014,November 2020
CoronaUpdateBot,2020-11-18 02:57:05+00:00,4.404900000000001,November 2020
globalfirstnews,2020-11-18 07:14:02+00:00,0.3889,November 2020
jeremy_hume,2020-11-18 11:26:28+00:00,-3.145500000000001,November 2020
threadreaderapp,2020-11-18 13:57:24+00:00,3.4908,November 2020
vmrwanda,2020-11-18 15:20:11+00:00,0.8769999999999998,November 2020
world_news_eng,2020-11-18 18:55:02+00:00,-0.4206,November 2020
AJBlackston,2020-11-19 02:31:46+00:00,1.4563,November 2020
vmrwanda,2020-11-19 06:35:03+00:00,1.4036999999999995,November 2020
jeremy_hume,2020-11-19 07:34:49+00:00,-3.248200000000001,November 2020
Reuters,2020-11-19 08:00:12+00:00,0.7278,November 2020
doritmi,2020-11-19 14:23:56+00:00,-0.10190000000000003,November 2020
jeremy_hume,2020-11-19 15:38:12+00:00,-3.0442000000000013,November 2020
CoronaUpdateBot,2020-11-19 15:45:36+00:00,3.928200000000001,November 2020
jeremy_hume,2020-11-19 16:19:23+00:00,-2.8402000000000007,November 2020
realBenTalks,2020-11-19 16:39:54+00:00,-0.8484999999999998,November 2020
AJBlackston,2020-11-20 05:12:54+00:00,1.7745,November 2020
VIKBataille,2020-11-20 08:24:53+00:00,-0.5031000000000001,November 2020
ZyiteGadgets,2020-11-20 12:27:03+00:00,1.5721000000000005,November 2020
jeremy_hume,2020-11-20 12:53:28+00:00,-2.9429000000000007,November 2020
vmrwanda,2020-11-20 19:45:15+00:00,1.4036999999999995,November 2020
vmrwanda,2020-11-21 03:20:05+00:00,1.4036999999999995,November 2020
realBenTalks,2020-11-21 11:49:21+00:00,-0.8484999999999998,November 2020
jeremy_hume,2020-11-21 12:38:29+00:00,-3.3026000000000013,November 2020
AJBlackston,2020-11-21 20:22:49+00:00,1.7745,November 2020
doritmi,2020-11-22 03:35:50+00:00,-0.15350000000000005,November 2020
adventuremotive,2020-11-22 03:53:08+00:00,2.271,November 2020
vmrwanda,2020-11-22 11:10:04+00:00,1.4036999999999995,November 2020
realBenTalks,2020-11-22 12:52:28+00:00,-0.8484999999999998,November 2020
vmrwanda,2020-11-22 13:50:14+00:00,1.4036999999999995,November 2020
AJBlackston,2020-11-22 14:27:17+00:00,2.0008,November 2020
CoronaUpdateBot,2020-11-22 15:10:50+00:00,3.5882000000000014,November 2020
jeremy_hume,2020-11-22 16:31:35+00:00,-3.0746000000000007,November 2020
jeremy_hume,2020-11-22 20:33:27+00:00,-2.8466000000000005,November 2020
world_news_eng,2020-11-23 00:35:03+00:00,0.04899999999999999,November 2020
VIKBataille,2020-11-23 00:35:51+00:00,-0.5031000000000001,November 2020
CoronaUpdateBot,2020-11-23 05:26:35+00:00,4.145600000000002,November 2020
ITProfess_Actor,2020-11-23 06:11:14+00:00,7.672999999999999,November 2020
ITProfess_Actor,2020-11-23 06:11:27+00:00,8.1245,November 2020
newscenterPHL1,2020-11-23 08:18:55+00:00,0.9317000000000002,November 2020
Reuters,2020-11-23 10:05:10+00:00,1.2045,November 2020
CoronaUpdateBot,2020-11-23 12:52:05+00:00,4.656200000000002,November 2020
world_news_eng,2020-11-23 13:55:04+00:00,0.04899999999999999,November 2020
world_news_eng,2020-11-23 15:30:01+00:00,0.5257000000000001,November 2020
AndyVermaut,2020-11-23 16:27:33+00:00,-1.9668,November 2020
CoronaUpdateBot,2020-11-23 19:03:45+00:00,4.656200000000002,November 2020
vmrwanda,2020-11-23 20:55:11+00:00,1.4036999999999995,November 2020
VIKBataille,2020-11-23 22:21:14+00:00,-0.5031000000000001,November 2020
CoronaUpdateBot,2020-11-24 00:30:11+00:00,5.115000000000002,November 2020
Reuters,2020-11-24 03:35:00+00:00,1.8039,November 2020
vmrwanda,2020-11-24 09:55:11+00:00,0.7128999999999998,November 2020
doritmi,2020-11-24 18:40:27+00:00,-0.07630000000000005,November 2020
CoronaUpdateBot,2020-11-24 23:01:54+00:00,4.865000000000002,November 2020
jeremy_hume,2020-11-24 23:27:00+00:00,-2.6426000000000003,November 2020
iWeller_health,2020-11-25 02:03:30+00:00,1.5672000000000006,November 2020
doritmi,2020-11-25 14:19:53+00:00,-0.07630000000000005,November 2020
adventuremotive,2020-11-25 23:22:04+00:00,2.6741,November 2020
VIKBataille,2020-11-26 00:50:47+00:00,-0.4259000000000001,November 2020
ExBulletinUk,2020-11-26 14:52:00+00:00,-2.399,November 2020
doritmi,2020-11-26 15:28:49+00:00,-0.07630000000000005,November 2020
AJBlackston,2020-11-26 18:21:57+00:00,2.6916,November 2020
mlnangalama,2020-11-26 20:03:03+00:00,3.0223,November 2020
jeremy_hume,2020-11-26 23:50:44+00:00,-2.7453000000000003,November 2020
newscenterPHL1,2020-11-27 07:28:21+00:00,0.9317000000000002,November 2020
africanaffairs,2020-11-27 16:39:24+00:00,2.3820999999999986,November 2020
realBenTalks,2020-11-27 17:21:07+00:00,-0.8484999999999998,November 2020
realBenTalks,2020-11-28 01:33:18+00:00,-0.8484999999999998,November 2020
CoronaUpdateBot,2020-11-28 03:52:06+00:00,4.1842000000000015,November 2020
jeremy_hume,2020-11-28 06:53:45+00:00,-2.8480000000000003,November 2020
CoronaUpdateBot,2020-11-28 08:50:05+00:00,4.3122000000000025,November 2020
iWeller_health,2020-11-28 09:36:09+00:00,1.8404000000000007,November 2020
jeremy_hume,2020-11-28 12:39:30+00:00,-2.6439999999999997,November 2020
vmrwanda,2020-11-28 15:55:10+00:00,0.7128999999999998,November 2020
scarletmonahan,2020-11-29 01:00:18+00:00,-2.0114,November 2020
africanaffairs,2020-11-29 07:02:39+00:00,2.6534999999999984,November 2020
jeremy_hume,2020-11-29 08:00:59+00:00,-2.5868,November 2020
vmrwanda,2020-11-29 09:15:02+00:00,1.0310999999999997,November 2020
adventuremotive,2020-11-29 13:22:07+00:00,2.6741,November 2020
Reuters,2020-11-30 01:26:00+00:00,1.6016,November 2020
jeremy_hume,2020-11-30 11:24:59+00:00,-2.8368,November 2020
jeremy_hume,2020-11-30 12:09:49+00:00,-3.0868,November 2020
CoronaUpdateBot,2020-11-30 12:20:53+00:00,3.9304000000000014,November 2020
CoronaUpdateBot,2020-11-30 12:26:28+00:00,3.9304000000000014,November 2020
lizditz,2020-11-30 12:39:04+00:00,-0.30410000000000004,November 2020
CoronaUpdateBot,2020-11-30 14:54:47+00:00,3.9304000000000014,November 2020
jeremy_hume,2020-11-30 19:11:08+00:00,-3.5456000000000003,November 2020
CoronaUpdateBot,2020-11-30 20:27:34+00:00,4.4410000000000025,November 2020
realBenTalks,2020-11-30 23:56:31+00:00,-0.3557999999999998,November 2020
newsfilterio,2020-12-01 06:41:20+00:00,-0.7265000000000001,December 2020
CoronaUpdateBot,2020-12-01 09:12:46+00:00,4.145000000000001,December 2020
CoronaUpdateBot,2020-12-01 09:29:28+00:00,4.145000000000001,December 2020
jeremy_hume,2020-12-01 11:36:35+00:00,-3.6466,December 2020
CoronaUpdateBot,2020-12-01 14:23:07+00:00,4.585400000000003,December 2020
jeremy_hume,2020-12-01 19:33:17+00:00,-3.8966,December 2020
CoronaUpdateBot,2020-12-02 07:07:31+00:00,5.244200000000003,December 2020
news24x75,2020-12-02 07:46:41+00:00,0.2987000000000001,December 2020
mlnangalama,2020-12-02 07:54:36+00:00,3.7574,December 2020
CoronaUpdateBot,2020-12-02 08:02:13+00:00,5.244200000000003,December 2020
jeremy_hume,2020-12-02 08:08:45+00:00,-4.4540000000000015,December 2020
mlnangalama,2020-12-02 10:44:03+00:00,3.3756,December 2020
jeremy_hume,2020-12-02 11:51:13+00:00,-5.011400000000001,December 2020
world_news_eng,2020-12-02 12:35:02+00:00,0.5257000000000001,December 2020
vmrwanda,2020-12-02 12:45:04+00:00,1.3922999999999996,December 2020
world_news_eng,2020-12-02 13:25:02+00:00,0.5257000000000001,December 2020
viralvideovlogs,2020-12-02 13:44:51+00:00,4.1413,December 2020
jeremy_hume,2020-12-02 14:12:02+00:00,-5.371100000000001,December 2020
world_news_eng,2020-12-02 16:30:02+00:00,0.5257000000000001,December 2020
mlnangalama,2020-12-02 16:30:05+00:00,2.4255,December 2020
CoronaUpdateBot,2020-12-02 16:43:31+00:00,5.244200000000003,December 2020
CoronaUpdateBot,2020-12-02 17:40:36+00:00,4.734700000000003,December 2020
realBenTalks,2020-12-02 19:23:32+00:00,0.005400000000000238,December 2020
jeremy_hume,2020-12-03 11:55:26+00:00,-6.1617000000000015,December 2020
realBenTalks,2020-12-03 12:05:07+00:00,0.44580000000000025,December 2020
jeremy_hume,2020-12-03 15:13:38+00:00,-6.852500000000003,December 2020
mlnangalama,2020-12-03 16:17:05+00:00,2.4255,December 2020
CoronaUpdateBot,2020-12-03 17:40:52+00:00,5.292100000000003,December 2020
SputnikInt,2020-12-03 20:36:44+00:00,2.5805,December 2020
mlnangalama,2020-12-03 23:29:03+00:00,2.4255,December 2020
doritmi,2020-12-04 02:11:31+00:00,-0.7766000000000001,December 2020
jeremy_hume,2020-12-04 08:22:11+00:00,-6.955200000000001,December 2020
news24x75,2020-12-04 09:39:10+00:00,0.9603000000000002,December 2020
iWeller_health,2020-12-04 12:05:05+00:00,2.4773000000000005,December 2020
world_news_eng,2020-12-04 12:15:02+00:00,0.5257000000000001,December 2020
jeremy_hume,2020-12-04 12:54:47+00:00,-7.512600000000003,December 2020
jeremy_hume,2020-12-04 13:07:13+00:00,-7.615300000000001,December 2020
jeremy_hume,2020-12-04 13:09:51+00:00,-7.3873000000000015,December 2020
jeremy_hume,2020-12-04 14:01:07+00:00,-7.7470000000000026,December 2020
Reuters_Health,2020-12-04 16:30:21+00:00,-0.0516,December 2020
ZyiteGadgets,2020-12-04 19:18:33+00:00,1.4694000000000005,December 2020
CoronaUpdateBot,2020-12-04 21:00:40+00:00,5.1894000000000045,December 2020
jeremy_hume,2020-12-04 21:46:36+00:00,-8.531500000000001,December 2020
news24x75,2020-12-05 03:48:10+00:00,0.3006000000000002,December 2020
vmrwanda,2020-12-05 08:15:10+00:00,1.3922999999999996,December 2020
viralvideovlogs,2020-12-05 09:31:33+00:00,4.2185000000000015,December 2020
jeremy_hume,2020-12-05 12:45:18+00:00,-8.303500000000001,December 2020
ITProfess_Actor,2020-12-06 01:47:52+00:00,8.3105,December 2020
viralvideovlogs,2020-12-06 09:12:20+00:00,4.2185000000000015,December 2020
adventuremotive,2020-12-06 10:23:04+00:00,2.9241,December 2020
vmrwanda,2020-12-06 10:30:04+00:00,1.3922999999999996,December 2020
CoronaUpdateBot,2020-12-06 14:00:25+00:00,5.415700000000004,December 2020
africanaffairs,2020-12-06 15:16:54+00:00,2.9248999999999983,December 2020
vmrwanda,2020-12-06 16:15:10+00:00,1.0522999999999996,December 2020
news24x75,2020-12-06 19:24:24+00:00,0.1003000000000002,December 2020
globalfirstnews,2020-12-07 00:15:09+00:00,1.0486,December 2020
newscenterPHL1,2020-12-07 07:35:08+00:00,0.9317000000000002,December 2020
vmrwanda,2020-12-07 08:15:10+00:00,1.0522999999999996,December 2020
CoronaUpdateBot,2020-12-07 11:00:20+00:00,5.837200000000004,December 2020
CoronaUpdateBot,2020-12-07 15:16:05+00:00,5.837200000000004,December 2020
CoronaUpdateBot,2020-12-07 15:28:29+00:00,6.313900000000004,December 2020
ExBulletinUk,2020-12-07 16:43:33+00:00,-2.9709,December 2020
CoronaUpdateBot,2020-12-07 18:25:29+00:00,6.391100000000003,December 2020
jeremy_hume,2020-12-07 18:51:02+00:00,-9.0941,December 2020
vmrwanda,2020-12-07 22:05:09+00:00,1.0522999999999996,December 2020
CoronaUpdateBot,2020-12-07 22:07:52+00:00,6.009300000000003,December 2020
jeremy_hume,2020-12-07 22:29:02+00:00,-9.6047,December 2020
CoronaUpdateBot,2020-12-08 01:43:39+00:00,6.009300000000003,December 2020
news24x75,2020-12-08 05:23:03+00:00,0.1003000000000002,December 2020
CoronaUpdateBot,2020-12-08 07:14:54+00:00,6.009300000000003,December 2020
globalfirstnews,2020-12-08 09:09:08+00:00,1.0486,December 2020
ExBulletinUk,2020-12-08 09:17:31+00:00,-3.2653,December 2020
SputnikInt,2020-12-08 09:59:00+00:00,2.5805,December 2020
mlnangalama,2020-12-08 11:02:07+00:00,1.8988,December 2020
vmrwanda,2020-12-08 11:30:15+00:00,0.8259999999999996,December 2020
world_news_eng,2020-12-08 13:40:03+00:00,0.5257000000000001,December 2020
jeremy_hume,2020-12-08 15:17:00+00:00,-10.0768,December 2020
CoronaUpdateBot,2020-12-08 19:17:10+00:00,6.692600000000003,December 2020
CoronaUpdateBot,2020-12-08 20:13:41+00:00,6.692600000000003,December 2020
threadreaderapp,2020-12-08 20:39:26+00:00,3.1296,December 2020
globalfirstnews,2020-12-08 20:45:33+00:00,1.0486,December 2020
newsfilterio,2020-12-09 05:49:40+00:00,-0.7265000000000001,December 2020
jeremy_hume,2020-12-09 09:51:29+00:00,-10.4365,December 2020
Reuters_Health,2020-12-09 10:45:04+00:00,0.3699,December 2020
Reuters_Health,2020-12-09 11:45:04+00:00,0.8966,December 2020
news24x75,2020-12-09 14:13:22+00:00,0.5770000000000002,December 2020
news24x75,2020-12-09 14:50:53+00:00,0.5770000000000002,December 2020
newsfilterio,2020-12-09 14:52:37+00:00,-0.7265000000000001,December 2020
jeremy_hume,2020-12-09 16:38:22+00:00,-11.0084,December 2020
newsfilterio,2020-12-09 16:40:47+00:00,-0.7265000000000001,December 2020
vmrwanda,2020-12-09 17:20:05+00:00,0.5527999999999996,December 2020
scarletmonahan,2020-12-09 22:56:11+00:00,-2.0114,December 2020
jeremy_hume,2020-12-09 23:17:44+00:00,-11.7929,December 2020
jeremy_hume,2020-12-09 23:19:58+00:00,-11.946,December 2020
CoronaUpdateBot,2020-12-10 04:45:05+00:00,6.396600000000004,December 2020
realBenTalks,2020-12-10 10:49:39+00:00,0.44580000000000025,December 2020
CoronaUpdateBot,2020-12-10 14:00:31+00:00,6.035400000000004,December 2020
Reuters_Health,2020-12-10 14:30:30+00:00,0.8707999999999999,December 2020
lizditz,2020-12-10 15:20:40+00:00,-0.30410000000000004,December 2020
jeremy_hume,2020-12-10 15:37:10+00:00,-12.6368,December 2020
iWeller_health,2020-12-10 19:47:41+00:00,2.8173000000000004,December 2020
vmrwanda,2020-12-10 20:40:18+00:00,0.6554999999999996,December 2020
CoronaUpdateBot,2020-12-10 21:34:12+00:00,6.437300000000004,December 2020
threadreaderapp,2020-12-11 01:11:40+00:00,2.9033,December 2020
world_news_eng,2020-12-11 03:50:03+00:00,0.5257000000000001,December 2020
globalfirstnews,2020-12-11 03:52:04+00:00,0.7525999999999999,December 2020
threadreaderapp,2020-12-11 08:56:08+00:00,2.3039,December 2020
jeremy_hume,2020-12-11 10:15:26+00:00,-13.3276,December 2020
ITProfess_Actor,2020-12-11 15:43:27+00:00,8.4965,December 2020
ZyiteGadgets,2020-12-11 16:49:05+00:00,1.9461000000000004,December 2020
vmrwanda,2020-12-11 20:35:02+00:00,0.6554999999999996,December 2020
ExBulletinUk,2020-12-12 00:27:59+00:00,-3.2653,December 2020
realBenTalks,2020-12-12 01:13:53+00:00,0.44580000000000025,December 2020
globalfirstnews,2020-12-12 04:06:35+00:00,1.1138,December 2020
viralvideovlogs,2020-12-12 05:03:20+00:00,4.6400000000000015,December 2020
ZyiteGadgets,2020-12-12 06:00:02+00:00,1.9719000000000004,December 2020
jeremy_hume,2020-12-12 08:46:38+00:00,-13.9525,December 2020
jeremy_hume,2020-12-12 09:20:26+00:00,-14.3137,December 2020
jeremy_hume,2020-12-12 11:37:32+00:00,-14.439699999999998,December 2020
newsfilterio,2020-12-12 13:42:24+00:00,-0.4533000000000002,December 2020
mlnangalama,2020-12-12 18:33:33+00:00,1.8988,December 2020
scarletmonahan,2020-12-12 18:51:23+00:00,-2.824,December 2020
vmrwanda,2020-12-13 09:25:09+00:00,1.1660999999999997,December 2020
Reuters_Health,2020-12-13 10:00:07+00:00,1.3475,December 2020
AJBlackston,2020-12-13 15:52:21+00:00,3.0098,December 2020
ITProfess_Actor,2020-12-13 18:11:53+00:00,8.6825,December 2020
jeremy_hume,2020-12-13 18:28:58+00:00,-15.011599999999998,December 2020
jeremy_hume,2020-12-13 18:43:51+00:00,-15.522199999999998,December 2020
jeremy_hume,2020-12-13 23:23:38+00:00,-15.748499999999998,December 2020
jeremy_hume,2020-12-14 00:23:52+00:00,-15.748499999999998,December 2020
africanaffairs,2020-12-14 02:03:36+00:00,3.196299999999998,December 2020
viralvideovlogs,2020-12-14 03:27:20+00:00,4.2582,December 2020
doritmi,2020-12-14 04:44:07+00:00,-1.5041000000000002,December 2020
newsfilterio,2020-12-14 06:22:28+00:00,-0.4533000000000002,December 2020
VIKBataille,2020-12-14 07:05:12+00:00,0.30919999999999986,December 2020
lizditz,2020-12-14 15:34:08+00:00,-0.6223000000000001,December 2020
jeremy_hume,2020-12-14 17:08:12+00:00,-15.5036,December 2020
globalfirstnews,2020-12-14 19:39:04+00:00,1.1138,December 2020
vmrwanda,2020-12-14 20:20:08+00:00,1.1660999999999997,December 2020
ZyiteGadgets,2020-12-14 20:51:35+00:00,1.9719000000000004,December 2020
Reuters_Health,2020-12-14 22:00:22+00:00,2.0659,December 2020
Reuters,2020-12-15 00:05:08+00:00,1.6016,December 2020
vmrwanda,2020-12-15 06:45:15+00:00,0.7842999999999998,December 2020
jeremy_hume,2020-12-15 06:49:12+00:00,-16.075499999999998,December 2020
world_news_eng,2020-12-15 09:41:11+00:00,0.14390000000000008,December 2020
world_news_eng,2020-12-15 11:25:03+00:00,0.3462000000000001,December 2020
viralvideovlogs,2020-12-15 11:53:04+00:00,3.9658000000000007,December 2020
globalfirstnews,2020-12-15 13:12:06+00:00,0.7886,December 2020
world_news_eng,2020-12-15 13:40:02+00:00,0.8718,December 2020
jeremy_hume,2020-12-16 10:27:16+00:00,-15.177599999999998,December 2020
jeremy_hume,2020-12-16 12:03:30+00:00,-15.636399999999998,December 2020
ITProfess_Actor,2020-12-16 14:51:28+00:00,8.8685,December 2020
ITProfess_Actor,2020-12-16 15:16:06+00:00,9.0545,December 2020
iWeller_health,2020-12-16 16:26:15+00:00,3.6018000000000003,December 2020
frigamribe88,2020-12-16 17:13:46+00:00,0.9118,December 2020
frigamribe88,2020-12-16 17:40:25+00:00,1.7838,December 2020
world_news_eng,2020-12-16 20:05:03+00:00,1.2118,December 2020
frigamribe88,2020-12-16 20:40:51+00:00,2.6558,December 2020
jeremy_hume,2020-12-16 22:26:43+00:00,-15.976399999999998,December 2020
vmrwanda,2020-12-16 22:45:13+00:00,0.7842999999999998,December 2020
vmrwanda,2020-12-17 00:35:02+00:00,0.9865999999999998,December 2020
CoronaUpdateBot,2020-12-17 03:39:00+00:00,6.437300000000004,December 2020
iWeller_health,2020-12-17 08:11:14+00:00,3.6018000000000003,December 2020
newsfilterio,2020-12-17 08:45:21+00:00,-0.4533000000000002,December 2020
vmrwanda,2020-12-17 14:05:03+00:00,1.7830000000000001,December 2020
newsfilterio,2020-12-17 15:17:15+00:00,0.17159999999999986,December 2020
jeremy_hume,2020-12-17 17:10:35+00:00,-16.202699999999997,December 2020
vmrwanda,2020-12-18 01:00:11+00:00,1.7830000000000001,December 2020
mlnangalama,2020-12-18 01:42:03+00:00,1.6256,December 2020
CoronaUpdateBot,2020-12-18 03:00:26+00:00,6.437300000000004,December 2020
lizditz,2020-12-18 04:15:56+00:00,0.20019999999999996,December 2020
vmrwanda,2020-12-18 04:20:09+00:00,1.7830000000000001,December 2020
viralvideovlogs,2020-12-18 04:44:50+00:00,3.9658000000000007,December 2020
CoronaUpdateBot,2020-12-18 05:00:48+00:00,6.663600000000003,December 2020
globalfirstnews,2020-12-18 07:44:33+00:00,-0.05159999999999998,December 2020
jeremy_hume,2020-12-18 09:19:51+00:00,-16.562399999999997,December 2020
viralvideovlogs,2020-12-18 09:58:59+00:00,4.430600000000001,December 2020
Reuters,2020-12-18 13:00:08+00:00,2.0231000000000003,December 2020
viralvideovlogs,2020-12-18 17:19:44+00:00,4.430600000000001,December 2020
lizditz,2020-12-18 17:37:12+00:00,0.32819999999999994,December 2020
vmrwanda,2020-12-18 18:30:05+00:00,1.3426,December 2020
jeremy_hume,2020-12-19 00:12:50+00:00,-16.588199999999997,December 2020
doritmi,2020-12-19 00:36:30+00:00,-0.6563000000000002,December 2020
africanaffairs,2020-12-19 14:47:33+00:00,3.467699999999998,December 2020
vmrwanda,2020-12-19 16:00:13+00:00,0.8659,December 2020
jeremy_hume,2020-12-19 16:54:37+00:00,-17.225099999999998,December 2020
lizditz,2020-12-19 18:52:24+00:00,0.32819999999999994,December 2020
jeremy_hume,2020-12-19 21:23:34+00:00,-17.327799999999996,December 2020
lizditz,2020-12-19 22:45:59+00:00,0.9141,December 2020
frigamribe88,2020-12-20 03:40:55+00:00,3.5278,December 2020
threadreaderapp,2020-12-20 03:48:29+00:00,2.6221,December 2020
VIKBataille,2020-12-20 06:27:04+00:00,0.30919999999999986,December 2020
jeremy_hume,2020-12-20 10:23:03+00:00,-17.099799999999995,December 2020
CoronaUpdateBot,2020-12-20 10:30:06+00:00,6.437300000000004,December 2020
jeremy_hume,2020-12-20 11:49:11+00:00,-17.202499999999993,December 2020
frigamribe88,2020-12-20 14:33:36+00:00,4.3998,December 2020
jeremy_hume,2020-12-20 18:17:47+00:00,-17.562199999999994,December 2020
mlnangalama,2020-12-21 05:09:33+00:00,1.3296,December 2020
CoronaUpdateBot,2020-12-21 09:20:10+00:00,6.187300000000004,December 2020
scarletmonahan,2020-12-21 12:22:35+00:00,-2.824,December 2020
world_news_eng,2020-12-21 14:56:15+00:00,1.4019,December 2020
jeremy_hume,2020-12-21 17:52:07+00:00,-18.346699999999995,December 2020
doritmi,2020-12-21 19:41:54+00:00,-1.2904000000000002,December 2020
vmrwanda,2020-12-21 20:45:08+00:00,1.5028,December 2020
vmrwanda,2020-12-22 09:15:07+00:00,1.9967,December 2020
jeremy_hume,2020-12-22 09:55:13+00:00,-18.118699999999997,December 2020
jeremy_hume,2020-12-22 11:03:24+00:00,-17.890699999999992,December 2020
vmrwanda,2020-12-22 12:00:12+00:00,2.3149,December 2020
lizditz,2020-12-22 15:14:22+00:00,0.8368999999999999,December 2020
CoronaUpdateBot,2020-12-22 19:15:05+00:00,7.004900000000004,December 2020
jeremy_hume,2020-12-22 20:05:38+00:00,-17.813499999999987,December 2020
jeremy_hume,2020-12-22 22:30:09+00:00,-17.49529999999999,December 2020
frigamribe88,2020-12-23 01:04:08+00:00,5.2718,December 2020
scarletmonahan,2020-12-23 02:48:12+00:00,-2.824,December 2020
vmrwanda,2020-12-23 05:05:07+00:00,2.8255000000000003,December 2020
threadreaderapp,2020-12-23 06:07:17+00:00,3.2215,December 2020
africanaffairs,2020-12-23 07:58:48+00:00,2.8316999999999983,December 2020
scarletmonahan,2020-12-23 12:21:09+00:00,-2.824,December 2020
globalfirstnews,2020-12-23 12:29:03+00:00,0.597,December 2020
CoronaUpdateBot,2020-12-23 14:04:12+00:00,7.515500000000004,December 2020
CoronaUpdateBot,2020-12-23 17:16:21+00:00,8.026100000000003,December 2020
threadreaderapp,2020-12-23 18:44:40+00:00,2.8196,December 2020
scarletmonahan,2020-12-23 18:54:20+00:00,-3.6366,December 2020
iWeller_health,2020-12-23 20:54:58+00:00,3.6018000000000003,December 2020
iWeller_health,2020-12-23 22:04:28+00:00,3.3755,December 2020
world_news_eng,2020-12-24 03:31:17+00:00,1.1756,December 2020
scarletmonahan,2020-12-24 05:55:34+00:00,-3.6366,December 2020
ITProfess_Actor,2020-12-24 11:59:27+00:00,9.2405,December 2020
vmrwanda,2020-12-24 12:35:17+00:00,2.8255000000000003,December 2020
doritmi,2020-12-24 16:04:55+00:00,-0.8500000000000002,December 2020
vmrwanda,2020-12-24 19:40:19+00:00,2.8255000000000003,December 2020
vmrwanda,2020-12-24 20:15:15+00:00,2.8255000000000003,December 2020
scarletmonahan,2020-12-24 23:56:59+00:00,-3.6366,December 2020
jeremy_hume,2020-12-25 08:48:59+00:00,-17.250399999999992,December 2020
jeremy_hume,2020-12-25 09:52:44+00:00,-17.65229999999999,December 2020
CoronaUpdateBot,2020-12-25 12:15:52+00:00,8.026100000000003,December 2020
newscenterPHL1,2020-12-25 13:25:09+00:00,0.9317000000000002,December 2020
ZyiteGadgets,2020-12-25 13:47:03+00:00,1.5131000000000006,December 2020
africanaffairs,2020-12-25 16:17:03+00:00,3.1030999999999977,December 2020
vmrwanda,2020-12-25 20:05:07+00:00,3.1437000000000004,December 2020
scarletmonahan,2020-12-25 22:33:38+00:00,-3.6366,December 2020
globalfirstnews,2020-12-26 20:33:33+00:00,0.15789999999999998,December 2020
vmrwanda,2020-12-26 20:50:09+00:00,3.4397,December 2020
globalfirstnews,2020-12-27 02:22:32+00:00,-0.428,December 2020
CoronaUpdateBot,2020-12-27 07:15:11+00:00,8.366100000000003,December 2020
vmrwanda,2020-12-27 08:15:08+00:00,3.8009,December 2020
jeremy_hume,2020-12-27 09:37:40+00:00,-17.424299999999988,December 2020
scarletmonahan,2020-12-27 21:57:09+00:00,-3.6366,December 2020
jeremy_hume,2020-12-28 07:02:52+00:00,-18.115099999999988,December 2020
ExBulletinUk,2020-12-28 15:03:11+00:00,-3.2653,December 2020
AJBlackston,2020-12-28 17:00:30+00:00,3.6695,December 2020
globalfirstnews,2020-12-28 21:38:04+00:00,-0.8098,December 2020
jeremy_hume,2020-12-29 00:44:12+00:00,-17.217199999999988,December 2020
frigamribe88,2020-12-29 01:55:59+00:00,6.1438,December 2020
AJBlackston,2020-12-29 03:02:50+00:00,4.2554,December 2020
jeremy_hume,2020-12-29 06:36:52+00:00,-17.217199999999988,December 2020
iWeller_health,2020-12-29 07:46:34+00:00,2.7158,December 2020
globalfirstnews,2020-12-29 08:49:03+00:00,-0.4486,December 2020
jeremy_hume,2020-12-29 09:17:57+00:00,-17.967799999999983,December 2020
CoronaUpdateBot,2020-12-29 09:21:16+00:00,8.366100000000003,December 2020
globalfirstnews,2020-12-29 09:48:32+00:00,0.04530000000000006,December 2020
jeremy_hume,2020-12-29 10:30:43+00:00,-18.718399999999985,December 2020
vmrwanda,2020-12-29 16:30:11+00:00,4.4965,December 2020
CoronaUpdateBot,2020-12-29 17:18:05+00:00,8.366100000000003,December 2020
AJBlackston,2020-12-29 19:06:36+00:00,5.0271,December 2020
jeremy_hume,2020-12-30 01:00:22+00:00,-18.490399999999983,December 2020
lizditz,2020-12-30 01:14:26+00:00,1.4697999999999998,December 2020
CoronaUpdateBot,2020-12-30 04:44:45+00:00,8.787600000000003,December 2020
vmrwanda,2020-12-30 05:35:13+00:00,4.4965,December 2020
CoronaUpdateBot,2020-12-30 06:58:49+00:00,9.127600000000003,December 2020
SputnikInt,2020-12-30 07:02:21+00:00,2.9823999999999997,December 2020
newscenterPHL1,2020-12-30 07:29:17+00:00,0.4729000000000002,December 2020
CoronaUpdateBot,2020-12-30 07:34:12+00:00,9.821600000000004,December 2020
ZyiteGadgets,2020-12-30 07:58:32+00:00,1.8743000000000003,December 2020
jeremy_hume,2020-12-30 09:22:26+00:00,-18.64349999999998,December 2020
CoronaUpdateBot,2020-12-30 10:40:05+00:00,9.821600000000004,December 2020
Reuters,2020-12-30 10:50:14+00:00,2.0231000000000003,December 2020
jeremy_hume,2020-12-30 13:03:20+00:00,-18.98349999999998,December 2020
CoronaUpdateBot,2020-12-30 16:58:29+00:00,10.363900000000003,December 2020
CoronaUpdateBot,2020-12-30 18:25:42+00:00,10.137600000000004,December 2020
AJBlackston,2020-12-30 19:12:14+00:00,4.9499,December 2020
AJBlackston,2020-12-30 21:12:38+00:00,5.2681,December 2020
CoronaUpdateBot,2020-12-30 21:31:12+00:00,10.578000000000003,December 2020
CoronaUpdateBot,2020-12-30 21:39:06+00:00,10.578000000000003,December 2020
AJBlackston,2020-12-31 01:13:33+00:00,5.6896,December 2020
frigamribe88,2020-12-31 02:48:29+00:00,7.0158,December 2020
frigamribe88,2020-12-31 02:48:56+00:00,7.887799999999999,December 2020
adventuremotive,2020-12-31 03:53:41+00:00,3.2653000000000003,December 2020
globalfirstnews,2020-12-31 04:27:03+00:00,0.04530000000000006,December 2020
scarletmonahan,2020-12-31 05:54:52+00:00,-3.6366,December 2020
africanaffairs,2020-12-31 06:35:36+00:00,3.3744999999999976,December 2020
CoronaUpdateBot,2020-12-31 07:50:13+00:00,10.578000000000003,December 2020
Reuters_Health,2020-12-31 08:30:12+00:00,2.0659,December 2020
vmrwanda,2020-12-31 10:00:16+00:00,5.0071,December 2020
jeremy_hume,2020-12-31 10:47:28+00:00,-19.89059999999998,December 2020
CoronaUpdateBot,2020-12-31 11:31:51+00:00,10.578000000000003,December 2020
globalfirstnews,2020-12-31 11:58:33+00:00,0.8032000000000001,December 2020
jeremy_hume,2020-12-31 15:42:19+00:00,-20.51549999999998,December 2020
jeremy_hume,2020-12-31 19:00:10+00:00,-20.87519999999998,December 2020
jeremy_hume,2020-12-31 19:54:14+00:00,-21.21519999999998,December 2020
jeremy_hume,2020-12-31 20:08:42+00:00,-20.98719999999998,December 2020
globalfirstnews,2020-12-31 21:05:11+00:00,1.1432000000000002,December 2020
vmrwanda,2020-12-31 21:15:07+00:00,5.0071,December 2020
frigamribe88,2020-12-31 21:23:28+00:00,8.7598,December 2020
vmrwanda,2020-12-31 22:35:11+00:00,5.0071,December 2020
jeremy_hume,2020-12-31 22:52:05+00:00,-21.213499999999982,December 2020
Reuters_Health,2020-12-31 23:15:20+00:00,1.6841000000000002,December 2020
jeremy_hume,2021-01-01 00:37:11+00:00,-21.06039999999998,January 2021
iWeller_health,2021-01-01 01:05:15+00:00,2.5627000000000004,January 2021
CoronaUpdateBot,2021-01-01 03:06:10+00:00,10.578000000000003,January 2021
CoronaUpdateBot,2021-01-01 03:16:23+00:00,10.196200000000003,January 2021
viralvideovlogs,2021-01-01 03:34:05+00:00,5.1011000000000015,January 2021
scarletmonahan,2021-01-01 12:04:22+00:00,-3.6366,January 2021
jeremy_hume,2021-01-01 12:05:37+00:00,-21.286699999999982,January 2021
CoronaUpdateBot,2021-01-01 13:10:06+00:00,10.196200000000003,January 2021
frigamribe88,2021-01-01 13:46:57+00:00,9.6318,January 2021
Reuters,2021-01-01 13:50:03+00:00,1.3862000000000003,January 2021
world_news_eng,2021-01-01 14:46:25+00:00,1.8759,January 2021
CoronaUpdateBot,2021-01-02 12:45:09+00:00,10.196200000000003,January 2021
jeremy_hume,2021-01-02 13:25:34+00:00,-22.17179999999998,January 2021
Reuters,2021-01-02 14:20:08+00:00,1.2083000000000004,January 2021
iWeller_health,2021-01-02 15:45:44+00:00,2.6781000000000006,January 2021
frigamribe88,2021-01-02 19:08:48+00:00,10.5038,January 2021
frigamribe88,2021-01-02 23:27:08+00:00,11.3758,January 2021
doritmi,2021-01-02 23:32:18+00:00,-1.0763000000000005,January 2021
viralvideovlogs,2021-01-03 06:32:55+00:00,5.503000000000001,January 2021
CoronaUpdateBot,2021-01-03 09:59:31+00:00,10.636600000000003,January 2021
world_news_eng,2021-01-03 14:00:00+00:00,1.6027,January 2021
viralvideovlogs,2021-01-04 04:34:49+00:00,5.163000000000001,January 2021
jeremy_hume,2021-01-04 06:16:01+00:00,-22.274499999999982,January 2021
vmrwanda,2021-01-04 15:05:02+00:00,5.0071,January 2021
vmrwanda,2021-01-04 20:55:04+00:00,5.0071,January 2021
vmrwanda,2021-01-04 23:10:07+00:00,5.0071,January 2021
viralvideovlogs,2021-01-05 06:31:49+00:00,4.889800000000001,January 2021
PrincessBibiRF_,2021-01-05 08:49:20+00:00,-0.1450999999999999,January 2021
vmrwanda,2021-01-05 11:05:07+00:00,4.5132,January 2021
CoronaUpdateBot,2021-01-05 23:15:05+00:00,10.909800000000004,January 2021
africanaffairs,2021-01-06 00:54:33+00:00,3.6458999999999975,January 2021
CoronaUpdateBot,2021-01-06 04:00:07+00:00,11.420400000000004,January 2021
newsfilterio,2021-01-06 04:18:55+00:00,0.5734999999999999,January 2021
vmrwanda,2021-01-06 07:15:04+00:00,4.1314,January 2021
adventuremotive,2021-01-06 13:42:09+00:00,3.3680000000000003,January 2021
Reuters_Health,2021-01-06 22:45:08+00:00,1.0275000000000003,January 2021
frigamribe88,2021-01-07 05:20:43+00:00,12.2478,January 2021
frigamribe88,2021-01-07 05:28:00+00:00,13.1198,January 2021
mlnangalama,2021-01-07 09:07:35+00:00,1.3296,January 2021
globalfirstnews,2021-01-07 09:38:32+00:00,1.4392000000000005,January 2021
CoronaUpdateBot,2021-01-07 10:07:15+00:00,11.420400000000004,January 2021
scarletmonahan,2021-01-07 11:20:15+00:00,-3.6366,January 2021
news24x75,2021-01-07 13:27:44+00:00,0.2370000000000001,January 2021
vmrwanda,2021-01-07 16:35:06+00:00,4.1314,January 2021
newsfilterio,2021-01-07 20:07:37+00:00,0.5734999999999999,January 2021
ExBulletinUk,2021-01-07 20:21:03+00:00,-3.2653,January 2021
mlnangalama,2021-01-07 21:45:32+00:00,1.3296,January 2021
vmrwanda,2021-01-08 01:30:10+00:00,4.1314,January 2021
vmrwanda,2021-01-08 10:35:17+00:00,4.372,January 2021
CoronaUpdateBot,2021-01-09 02:03:13+00:00,11.420400000000004,January 2021
frigamribe88,2021-01-09 03:22:59+00:00,13.9918,January 2021
frigamribe88,2021-01-09 03:29:44+00:00,14.8638,January 2021
frigamribe88,2021-01-09 03:35:46+00:00,15.7358,January 2021
ExBulletinUk,2021-01-09 09:43:44+00:00,-3.2911,January 2021
CoronaUpdateBot,2021-01-09 10:56:37+00:00,11.420400000000004,January 2021
AndyVermaut,2021-01-09 18:58:33+00:00,-1.9668,January 2021
CoronaUpdateBot,2021-01-09 19:15:17+00:00,11.420400000000004,January 2021
viralvideovlogs,2021-01-09 20:30:21+00:00,4.230100000000001,January 2021
africanaffairs,2021-01-09 21:34:58+00:00,3.917299999999997,January 2021
viralvideovlogs,2021-01-09 23:08:07+00:00,3.968400000000001,January 2021
CoronaUpdateBot,2021-01-10 14:59:27+00:00,11.420400000000004,January 2021
viralvideovlogs,2021-01-10 23:06:29+00:00,3.968400000000001,January 2021
ZyiteGadgets,2021-01-11 14:19:05+00:00,1.8743000000000003,January 2021
CoronaUpdateBot,2021-01-11 15:00:07+00:00,11.841900000000004,January 2021
ZyiteGadgets,2021-01-12 04:17:02+00:00,1.9515000000000005,January 2021
world_news_eng,2021-01-12 04:45:02+00:00,1.6027,January 2021
vmrwanda,2021-01-12 04:45:15+00:00,4.372,January 2021
vmrwanda,2021-01-12 10:35:10+00:00,4.372,January 2021
CoronaUpdateBot,2021-01-12 11:32:32+00:00,12.318600000000005,January 2021
frigamribe88,2021-01-12 20:59:26+00:00,16.6078,January 2021
PluginTwter,2021-01-13 06:31:04+00:00,0.8271,January 2021
scarletmonahan,2021-01-13 07:46:24+00:00,-3.6366,January 2021
PluginTwter,2021-01-13 08:10:29+00:00,0.9551,January 2021
PluginTwter,2021-01-13 08:28:47+00:00,1.0067,January 2021
mlnangalama,2021-01-13 09:52:32+00:00,1.3296,January 2021
iWeller_health,2021-01-13 14:33:46+00:00,2.6781000000000006,January 2021
vmrwanda,2021-01-14 01:25:15+00:00,4.372,January 2021
africanaffairs,2021-01-14 04:01:03+00:00,4.188699999999997,January 2021
threadreaderapp,2021-01-14 04:02:18+00:00,2.309,January 2021
threadreaderapp,2021-01-14 04:49:32+00:00,3.1164,January 2021
PluginTwter,2021-01-14 06:06:23+00:00,1.6241,January 2021
newscenterPHL1,2021-01-14 08:28:37+00:00,0.4729000000000002,January 2021
ZyiteGadgets,2021-01-14 15:03:37+00:00,1.9515000000000005,January 2021
iWeller_health,2021-01-14 16:57:53+00:00,3.1887000000000008,January 2021
frigamribe88,2021-01-15 02:58:13+00:00,17.5196,January 2021
PluginTwter,2021-01-15 03:26:26+00:00,1.6241,January 2021
vmrwanda,2021-01-15 13:45:07+00:00,4.372,January 2021
newscenterPHL1,2021-01-15 13:52:20+00:00,0.4729000000000002,January 2021
vmrwanda,2021-01-15 15:20:06+00:00,4.3978,January 2021
PrincessBibiRF_,2021-01-15 15:43:33+00:00,-0.1450999999999999,January 2021
globalfirstnews,2021-01-16 01:12:32+00:00,1.0992000000000002,January 2021
scarletmonahan,2021-01-16 02:55:43+00:00,-3.6366,January 2021
viralvideovlogs,2021-01-16 04:11:24+00:00,3.3087000000000013,January 2021
frigamribe88,2021-01-16 04:54:41+00:00,18.3916,January 2021
frigamribe88,2021-01-16 05:10:18+00:00,19.2636,January 2021
viralvideovlogs,2021-01-16 05:12:27+00:00,3.3087000000000013,January 2021
scarletmonahan,2021-01-16 11:34:22+00:00,-3.6366,January 2021
world_news_eng,2021-01-16 12:35:02+00:00,1.6027,January 2021
frigamribe88,2021-01-16 15:51:31+00:00,20.1356,January 2021
newsfilterio,2021-01-17 11:19:26+00:00,0.1424999999999999,January 2021
globalfirstnews,2021-01-18 09:19:07+00:00,1.1764,January 2021
CoronaUpdateBot,2021-01-18 12:36:09+00:00,12.740100000000005,January 2021
newscenterPHL1,2021-01-18 13:24:41+00:00,0.3198000000000002,January 2021
frigamribe88,2021-01-18 16:23:40+00:00,21.0076,January 2021
world_news_eng,2021-01-18 21:20:01+00:00,2.3378,January 2021
newscenterPHL1,2021-01-19 13:31:15+00:00,0.3198000000000002,January 2021
iWeller_health,2021-01-19 15:12:19+00:00,3.6102000000000007,January 2021
SputnikInt,2021-01-19 22:28:46+00:00,2.9823999999999997,January 2021
globalfirstnews,2021-01-20 17:10:35+00:00,2.09,January 2021
CoronaUpdateBot,2021-01-21 10:00:44+00:00,13.058300000000004,January 2021
AndyVermaut,2021-01-22 02:16:34+00:00,-1.9668,January 2021
CoronaUpdateBot,2021-01-22 02:22:06+00:00,13.535000000000002,January 2021
viralvideovlogs,2021-01-22 05:07:43+00:00,3.3087000000000013,January 2021
ZyiteGadgets,2021-01-22 07:47:03+00:00,1.5496000000000003,January 2021
vmrwanda,2021-01-22 10:45:07+00:00,3.7273,January 2021
newsfilterio,2021-01-22 18:23:16+00:00,0.1424999999999999,January 2021
world_news_eng,2021-01-22 23:55:02+00:00,2.3378,January 2021
CoronaUpdateBot,2021-01-23 05:25:05+00:00,13.975400000000002,January 2021
CoronaUpdateBot,2021-01-23 19:59:14+00:00,13.304900000000002,January 2021
threadreaderapp,2021-01-24 02:55:42+00:00,2.3258,January 2021
CoronaUpdateBot,2021-01-24 09:20:11+00:00,13.644900000000002,January 2021
newscenterPHL1,2021-01-25 07:49:46+00:00,-0.04139999999999983,January 2021
CoronaUpdateBot,2021-01-25 19:10:10+00:00,13.644900000000002,January 2021
frigamribe88,2021-01-26 00:34:28+00:00,21.8796,January 2021
CoronaUpdateBot,2021-01-26 02:34:24+00:00,13.644900000000002,January 2021
scarletmonahan,2021-01-26 14:46:21+00:00,-3.6366,January 2021
AJBlackston,2021-01-26 17:01:04+00:00,6.1663,January 2021
Reuters,2021-01-27 05:20:00+00:00,0.8683000000000003,January 2021
CoronaUpdateBot,2021-01-27 08:00:13+00:00,13.644900000000002,January 2021
world_news_eng,2021-01-27 11:05:04+00:00,1.9359,January 2021
vmrwanda,2021-01-27 17:30:04+00:00,3.8553,January 2021
vmrwanda,2021-01-27 19:40:02+00:00,3.7526,January 2021
ExBulletinUk,2021-01-28 02:25:53+00:00,-3.2911,January 2021
vmrwanda,2021-01-28 03:20:12+00:00,3.7526,January 2021
vmrwanda,2021-01-28 10:20:11+00:00,3.7526,January 2021
iWeller_health,2021-01-28 17:44:27+00:00,3.6102000000000007,January 2021
CoronaUpdateBot,2021-01-28 17:48:05+00:00,13.059,January 2021
CoronaUpdateBot,2021-01-28 21:52:52+00:00,13.5799,January 2021
vmrwanda,2021-01-28 22:45:08+00:00,4.0143,January 2021
lizditz,2021-01-29 01:36:27+00:00,1.0294,January 2021
scarletmonahan,2021-01-29 04:48:05+00:00,-3.6366,January 2021
scarletmonahan,2021-01-29 05:23:20+00:00,-3.6366,January 2021
world_news_eng,2021-01-29 10:50:03+00:00,1.9359,January 2021
CoronaUpdateBot,2021-01-29 15:05:05+00:00,13.2617,January 2021
vmrwanda,2021-01-29 15:40:04+00:00,4.0143,January 2021
africanaffairs,2021-01-29 20:16:37+00:00,4.608599999999997,January 2021
AndyVermaut,2021-01-30 00:46:38+00:00,-1.9668,January 2021
AndyVermaut,2021-01-30 01:18:02+00:00,-1.9668,January 2021
ExBulletinUk,2021-01-30 02:27:39+00:00,-3.2911,January 2021
SputnikInt,2021-01-30 05:50:00+00:00,3.0595999999999988,January 2021
CoronaUpdateBot,2021-01-30 13:00:27+00:00,12.6758,January 2021
world_news_eng,2021-01-30 14:45:04+00:00,2.2759,January 2021
world_news_eng,2021-01-30 15:40:03+00:00,2.2759,January 2021
africanaffairs,2021-01-30 15:58:33+00:00,4.879999999999997,January 2021
lizditz,2021-01-30 17:15:01+00:00,1.0294,January 2021
scarletmonahan,2021-01-31 00:48:12+00:00,-3.6366,January 2021
AJBlackston,2021-01-31 02:29:31+00:00,6.8032,January 2021
Reuters_Health,2021-01-31 03:45:13+00:00,1.0275000000000003,January 2021
lizditz,2021-01-31 09:31:29+00:00,1.0294,January 2021
iWeller_health,2021-02-01 07:48:55+00:00,3.6102000000000007,February 2021
mlnangalama,2021-02-01 07:50:02+00:00,1.4575999999999998,February 2021
africanaffairs,2021-02-01 09:19:33+00:00,5.151399999999997,February 2021
CoronaUpdateBot,2021-02-01 15:28:46+00:00,13.2332,February 2021
world_news_eng,2021-02-02 05:35:01+00:00,1.874,February 2021
ZyiteGadgets,2021-02-02 06:06:04+00:00,1.2996000000000003,February 2021
vmrwanda,2021-02-02 07:25:03+00:00,4.0143,February 2021
SputnikInt,2021-02-02 08:29:39+00:00,3.0595999999999988,February 2021
viralvideovlogs,2021-02-02 13:21:29+00:00,3.0587000000000013,February 2021
vmrwanda,2021-02-02 17:20:11+00:00,4.0143,February 2021
scarletmonahan,2021-02-02 23:10:42+00:00,-3.6366,February 2021
news24x75,2021-02-03 10:20:20+00:00,0.2370000000000001,February 2021
mlnangalama,2021-02-03 12:08:32+00:00,1.1615999999999995,February 2021
vmrwanda,2021-02-03 12:25:08+00:00,4.3325000000000005,February 2021
CoronaUpdateBot,2021-02-03 13:03:06+00:00,13.5736,February 2021
CoronaUpdateBot,2021-02-03 18:00:29+00:00,13.5736,February 2021
vmrwanda,2021-02-03 18:15:13+00:00,4.3325000000000005,February 2021
africanaffairs,2021-02-03 20:31:48+00:00,5.893799999999998,February 2021
adventuremotive,2021-02-04 04:01:50+00:00,3.4452000000000003,February 2021
vmrwanda,2021-02-04 06:30:08+00:00,4.091900000000001,February 2021
viralvideovlogs,2021-02-04 06:31:11+00:00,2.9560000000000013,February 2021
viralvideovlogs,2021-02-04 10:34:23+00:00,2.9560000000000013,February 2021
CoronaUpdateBot,2021-02-04 12:05:25+00:00,13.9136,February 2021
CoronaUpdateBot,2021-02-04 12:37:56+00:00,14.4855,February 2021
news24x75,2021-02-04 14:03:28+00:00,0.2370000000000001,February 2021
globalfirstnews,2021-02-04 15:38:05+00:00,2.09,February 2021
ZyiteGadgets,2021-02-04 18:47:34+00:00,1.7763000000000004,February 2021
world_news_eng,2021-02-04 23:05:03+00:00,2.002,February 2021
iWeller_health,2021-02-05 02:31:47+00:00,3.6102000000000007,February 2021
SputnikInt,2021-02-05 06:45:00+00:00,2.677799999999999,February 2021
vmrwanda,2021-02-05 07:15:07+00:00,3.3735000000000013,February 2021
news24x75,2021-02-05 10:12:15+00:00,0.2370000000000001,February 2021
newsfilterio,2021-02-05 13:15:26+00:00,0.6192,February 2021
CoronaUpdateBot,2021-02-05 14:29:06+00:00,13.7947,February 2021
iWeller_health,2021-02-05 18:27:48+00:00,3.6102000000000007,February 2021
lizditz,2021-02-05 18:38:13+00:00,1.0294,February 2021
threadreaderapp,2021-02-05 23:40:44+00:00,2.0093999999999994,February 2021
vmrwanda,2021-02-06 01:20:13+00:00,3.3735000000000013,February 2021
AndyVermaut,2021-02-06 04:00:04+00:00,-1.7405000000000002,February 2021
vmrwanda,2021-02-06 10:45:05+00:00,3.3735000000000013,February 2021
iWeller_health,2021-02-06 12:49:53+00:00,3.6102000000000007,February 2021
newscenterPHL1,2021-02-06 13:23:29+00:00,-0.04139999999999983,February 2021
viralvideovlogs,2021-02-06 17:51:59+00:00,2.729700000000001,February 2021
scarletmonahan,2021-02-06 19:27:06+00:00,-3.6366,February 2021
vmrwanda,2021-02-06 22:35:04+00:00,3.8502000000000014,February 2021
news24x75,2021-02-07 00:01:05+00:00,-0.5474999999999999,February 2021
threadreaderapp,2021-02-07 01:43:57+00:00,2.6453999999999995,February 2021
CoronaUpdateBot,2021-02-07 03:30:11+00:00,14.2175,February 2021
news24x75,2021-02-07 09:54:55+00:00,-0.03689999999999982,February 2021
world_news_eng,2021-02-07 10:25:03+00:00,2.4248000000000003,February 2021
Reuters_Health,2021-02-07 12:00:20+00:00,1.0275000000000003,February 2021
news24x75,2021-02-08 03:21:48+00:00,-0.03689999999999982,February 2021
newsfilterio,2021-02-08 08:34:28+00:00,0.6192,February 2021
world_news_eng,2021-02-08 08:55:02+00:00,2.4248000000000003,February 2021
Reuters_Health,2021-02-08 09:00:21+00:00,0.6060000000000003,February 2021
AndyVermaut,2021-02-08 11:06:34+00:00,-2.0365,February 2021
scarletmonahan,2021-02-08 12:31:21+00:00,-4.4491999999999985,February 2021
newsfilterio,2021-02-08 12:38:29+00:00,0.6192,February 2021
iWeller_health,2021-02-08 13:24:18+00:00,3.6102000000000007,February 2021
WinterloveGuo,2021-02-08 14:20:16+00:00,-0.29600000000000004,February 2021
scarletmonahan,2021-02-08 14:29:42+00:00,-5.261799999999999,February 2021
CoronaUpdateBot,2021-02-08 14:43:53+00:00,14.2175,February 2021
vmrwanda,2021-02-08 17:50:08+00:00,4.468900000000001,February 2021
world_news_eng,2021-02-08 19:15:01+00:00,2.9187000000000003,February 2021
CoronaUpdateBot,2021-02-08 20:34:11+00:00,14.5993,February 2021
threadreaderapp,2021-02-09 00:48:51+00:00,3.0472999999999995,February 2021
vmrwanda,2021-02-09 01:15:10+00:00,4.468900000000001,February 2021
iWeller_health,2021-02-09 10:08:45+00:00,4.2807,February 2021
AJBlackston,2021-02-09 12:01:41+00:00,7.1214,February 2021
WinterloveGuo,2021-02-09 14:33:29+00:00,-0.5920000000000001,February 2021
lizditz,2021-02-09 15:48:41+00:00,1.4509,February 2021
viralvideovlogs,2021-02-09 17:48:20+00:00,2.729700000000001,February 2021
Reuters,2021-02-09 19:33:10+00:00,0.9199000000000004,February 2021
AIExpert14,2021-02-09 21:54:22+00:00,7.874799999999999,February 2021
viralvideovlogs,2021-02-09 22:56:39+00:00,2.368500000000001,February 2021
AIExpert14,2021-02-09 23:23:12+00:00,8.691999999999998,February 2021
CoronaUpdateBot,2021-02-10 01:58:40+00:00,14.9605,February 2021
scarletmonahan,2021-02-10 05:41:31+00:00,-5.261799999999999,February 2021
world_news_eng,2021-02-10 10:10:01+00:00,2.8415000000000004,February 2021
doritmi,2021-02-10 16:39:56+00:00,-0.6359000000000002,February 2021
iWeller_health,2021-02-11 08:08:35+00:00,4.838100000000002,February 2021
CoronaUpdateBot,2021-02-11 11:45:22+00:00,14.9605,February 2021
Reuters_Health,2021-02-11 19:15:19+00:00,0.6060000000000003,February 2021
world_news_eng,2021-02-11 21:30:02+00:00,2.8415000000000004,February 2021
world_news_eng,2021-02-11 22:05:02+00:00,3.2233000000000005,February 2021
viralvideovlogs,2021-02-12 00:20:47+00:00,2.729700000000001,February 2021
AIExpert14,2021-02-12 02:25:30+00:00,9.509199999999998,February 2021
AIExpert14,2021-02-12 03:13:20+00:00,10.326399999999998,February 2021
newscenterPHL1,2021-02-12 14:25:38+00:00,-0.6118999999999999,February 2021
iWeller_health,2021-02-12 15:02:44+00:00,5.581100000000001,February 2021
iWeller_health,2021-02-12 16:59:50+00:00,6.271900000000001,February 2021
AIExpert14,2021-02-12 23:36:30+00:00,11.143599999999998,February 2021
AIExpert14,2021-02-13 05:54:47+00:00,11.960799999999995,February 2021
AIExpert14,2021-02-13 17:50:31+00:00,12.777999999999995,February 2021
globalfirstnews,2021-02-14 03:27:32+00:00,2.09,February 2021
AIExpert14,2021-02-14 05:15:30+00:00,13.595199999999995,February 2021
vmrwanda,2021-02-15 01:00:07+00:00,4.830100000000002,February 2021
viralvideovlogs,2021-02-15 02:38:37+00:00,2.729700000000001,February 2021
scarletmonahan,2021-02-15 05:27:12+00:00,-5.261799999999999,February 2021
ExBulletinUk,2021-02-15 07:44:01+00:00,-3.5870999999999995,February 2021
vmrwanda,2021-02-15 08:10:03+00:00,4.830100000000002,February 2021
adventuremotive,2021-02-15 08:21:46+00:00,3.7864,February 2021
AIExpert14,2021-02-15 08:38:19+00:00,14.412399999999995,February 2021
AIExpert14,2021-02-15 09:03:22+00:00,15.229599999999996,February 2021
world_news_eng,2021-02-15 11:35:02+00:00,3.2233000000000005,February 2021
AJBlackston,2021-02-15 13:57:17+00:00,7.439599999999999,February 2021
vmrwanda,2021-02-15 16:45:09+00:00,4.958100000000002,February 2021
CoronaUpdateBot,2021-02-15 17:45:16+00:00,14.620500000000002,February 2021
scarletmonahan,2021-02-15 18:33:31+00:00,-6.074399999999999,February 2021
AJBlackston,2021-02-15 19:58:35+00:00,7.7578,February 2021
vmrwanda,2021-02-15 20:25:04+00:00,4.958100000000002,February 2021
newscenterPHL1,2021-02-16 07:38:10+00:00,-0.9936999999999998,February 2021
Reuters_Health,2021-02-16 09:45:07+00:00,1.4080000000000004,February 2021
CoronaUpdateBot,2021-02-16 14:05:06+00:00,14.5947,February 2021
CoronaUpdateBot,2021-02-16 15:10:49+00:00,14.1008,February 2021
vmrwanda,2021-02-16 16:55:09+00:00,4.464200000000002,February 2021
mlnangalama,2021-02-16 18:08:04+00:00,1.1615999999999995,February 2021
AndyVermaut,2021-02-16 20:59:32+00:00,-2.3097000000000003,February 2021
AJBlackston,2021-02-16 23:08:53+00:00,7.5554999999999986,February 2021
AIExpert14,2021-02-17 00:23:13+00:00,16.046799999999998,February 2021
AIExpert14,2021-02-17 00:29:53+00:00,16.863999999999994,February 2021
CoronaUpdateBot,2021-02-17 01:17:06+00:00,13.827600000000002,February 2021
vmrwanda,2021-02-17 03:10:06+00:00,4.464200000000002,February 2021
viralvideovlogs,2021-02-17 05:29:42+00:00,3.256400000000001,February 2021
Reuters_Health,2021-02-17 05:30:10+00:00,1.8295000000000003,February 2021
SputnikInt,2021-02-17 10:15:08+00:00,2.677799999999999,February 2021
globalfirstnews,2021-02-17 16:54:05+00:00,2.09,February 2021
vmrwanda,2021-02-18 00:35:14+00:00,4.3111000000000015,February 2021
AndyVermaut,2021-02-18 03:17:04+00:00,-1.7523000000000004,February 2021
vmrwanda,2021-02-18 13:10:02+00:00,4.233900000000001,February 2021
AndyVermaut,2021-02-18 16:16:34+00:00,-1.7523000000000004,February 2021
CoronaUpdateBot,2021-02-18 17:17:31+00:00,13.827600000000002,February 2021
PluginTwter,2021-02-18 17:39:00+00:00,2.261,February 2021
WinterloveGuo,2021-02-19 02:53:16+00:00,-1.3189,February 2021
WinterloveGuo,2021-02-19 03:27:54+00:00,-2.0458,February 2021
viralvideovlogs,2021-02-19 03:54:49+00:00,3.256400000000001,February 2021
iWeller_health,2021-02-19 04:30:41+00:00,6.857800000000001,February 2021
ITProfess_Actor,2021-02-19 08:13:23+00:00,9.975599999999998,February 2021
viralvideovlogs,2021-02-19 11:11:17+00:00,3.9933000000000014,February 2021
frigamribe88,2021-02-19 14:05:46+00:00,22.7516,February 2021
vmrwanda,2021-02-19 20:45:02+00:00,4.233900000000001,February 2021
vmrwanda,2021-02-19 20:55:10+00:00,4.233900000000001,February 2021
frigamribe88,2021-02-19 22:20:42+00:00,23.6236,February 2021
iWeller_health,2021-02-20 00:14:38+00:00,6.271900000000001,February 2021
world_news_eng,2021-02-20 01:20:02+00:00,3.5415000000000005,February 2021
AJBlackston,2021-02-20 02:21:06+00:00,7.873699999999999,February 2021
WinterloveGuo,2021-02-20 02:30:26+00:00,-2.7727,February 2021
WinterloveGuo,2021-02-20 02:31:30+00:00,-3.4996,February 2021
WinterloveGuo,2021-02-20 02:51:55+00:00,-4.2265,February 2021
SputnikInt,2021-02-20 06:33:23+00:00,2.078399999999999,February 2021
viralvideovlogs,2021-02-20 08:34:33+00:00,3.9933000000000014,February 2021
frigamribe88,2021-02-20 19:53:56+00:00,24.4956,February 2021
viralvideovlogs,2021-02-20 22:17:40+00:00,3.840200000000001,February 2021
vmrwanda,2021-02-21 02:45:07+00:00,4.233900000000001,February 2021
viralvideovlogs,2021-02-21 06:02:55+00:00,4.113400000000001,February 2021
vmrwanda,2021-02-21 08:10:03+00:00,4.233900000000001,February 2021
vmrwanda,2021-02-21 10:35:05+00:00,4.233900000000001,February 2021
vmrwanda,2021-02-21 10:40:10+00:00,4.233900000000001,February 2021
frigamribe88,2021-02-21 12:23:36+00:00,25.3676,February 2021
WinterloveGuo,2021-02-21 14:02:09+00:00,-4.9533999999999985,February 2021
WinterloveGuo,2021-02-21 14:18:18+00:00,-5.680299999999999,February 2021
viralvideovlogs,2021-02-21 15:12:33+00:00,4.776700000000002,February 2021
viralvideovlogs,2021-02-21 15:31:28+00:00,5.457500000000001,February 2021
PluginTwter,2021-02-21 17:14:43+00:00,2.7198,February 2021
frigamribe88,2021-02-21 18:54:59+00:00,26.2396,February 2021
africanaffairs,2021-02-21 19:22:12+00:00,6.165199999999998,February 2021
vmrwanda,2021-02-22 01:05:05+00:00,4.233900000000001,February 2021
WinterloveGuo,2021-02-22 01:52:40+00:00,-6.407199999999999,February 2021
WinterloveGuo,2021-02-22 02:03:40+00:00,-7.134099999999997,February 2021
WinterloveGuo,2021-02-22 02:21:21+00:00,-7.860999999999998,February 2021
WinterloveGuo,2021-02-22 02:25:40+00:00,-8.587899999999998,February 2021
ExBulletinUk,2021-02-22 06:19:19+00:00,-3.5870999999999995,February 2021
PluginTwter,2021-02-22 06:20:15+00:00,3.1602,February 2021
vmrwanda,2021-02-22 09:00:15+00:00,4.233900000000001,February 2021
vmrwanda,2021-02-22 09:05:12+00:00,4.744500000000001,February 2021
frigamribe88,2021-02-22 10:36:12+00:00,27.1116,February 2021
world_news_eng,2021-02-22 12:10:02+00:00,3.5415000000000005,February 2021
AJBlackston,2021-02-22 14:07:37+00:00,8.191899999999999,February 2021
frigamribe88,2021-02-22 14:37:01+00:00,27.9836,February 2021
viralvideovlogs,2021-02-22 18:36:01+00:00,5.457500000000001,February 2021
AndyVermaut,2021-02-22 21:22:09+00:00,-1.2417000000000002,February 2021
WinterloveGuo,2021-02-23 02:39:43+00:00,-9.314799999999998,February 2021
viralvideovlogs,2021-02-23 07:32:12+00:00,5.055200000000001,February 2021
viralvideovlogs,2021-02-23 08:12:14+00:00,5.627100000000001,February 2021
world_news_eng,2021-02-23 08:20:01+00:00,3.5415000000000005,February 2021
vmrwanda,2021-02-23 08:20:04+00:00,5.084500000000001,February 2021
newscenterPHL1,2021-02-23 08:21:19+00:00,-0.9936999999999998,February 2021
Reuters_Health,2021-02-23 16:00:22+00:00,2.1907000000000005,February 2021
CoronaUpdateBot,2021-02-23 16:14:10+00:00,13.827600000000002,February 2021
iWeller_health,2021-02-23 21:47:33+00:00,5.4936000000000025,February 2021
iWeller_health,2021-02-24 00:09:05+00:00,5.091700000000001,February 2021
vmrwanda,2021-02-24 00:10:05+00:00,5.578400000000001,February 2021
SputnikInt,2021-02-24 10:56:24+00:00,1.7823999999999989,February 2021
CoronaUpdateBot,2021-02-24 13:22:08+00:00,13.827600000000002,February 2021
CoronaUpdateBot,2021-02-24 17:17:31+00:00,13.827600000000002,February 2021
viralvideovlogs,2021-02-24 17:38:14+00:00,5.627100000000001,February 2021
world_news_eng,2021-02-24 20:20:02+00:00,3.5415000000000005,February 2021
scarletmonahan,2021-02-24 21:32:18+00:00,-6.074399999999999,February 2021
vmrwanda,2021-02-24 22:50:08+00:00,5.9803000000000015,February 2021
CoronaUpdateBot,2021-02-24 22:50:24+00:00,14.1458,February 2021
CoronaUpdateBot,2021-02-25 01:15:11+00:00,14.507,February 2021
SputnikInt,2021-02-25 01:40:00+00:00,1.7823999999999989,February 2021
VIKBataille,2021-02-25 07:06:08+00:00,0.30919999999999986,February 2021
vmrwanda,2021-02-25 07:40:07+00:00,5.9803000000000015,February 2021
CoronaUpdateBot,2021-02-25 15:17:18+00:00,15.043200000000002,February 2021
CoronaUpdateBot,2021-02-25 17:57:15+00:00,15.043200000000002,February 2021
scarletmonahan,2021-02-25 21:24:02+00:00,-6.074399999999999,February 2021
VaccineHouston,2021-02-25 22:58:29+00:00,0.0,February 2021
Reuters,2021-02-26 11:00:20+00:00,0.9199000000000004,February 2021
PluginTwter,2021-02-26 12:26:45+00:00,3.1602,February 2021
doritmi,2021-02-26 16:35:16+00:00,-0.09460000000000024,February 2021
PluginTwter,2021-02-26 18:26:43+00:00,3.1602,February 2021
CoronaUpdateBot,2021-02-26 22:12:25+00:00,15.043200000000002,February 2021
PluginTwter,2021-02-27 05:15:29+00:00,3.1602,February 2021
Reuters_Health,2021-02-27 07:00:13+00:00,2.7481000000000004,February 2021
CoronaUpdateBot,2021-02-27 10:24:12+00:00,15.502000000000002,February 2021
PluginTwter,2021-02-27 11:39:59+00:00,3.1602,February 2021
Reuters,2021-02-27 13:25:11+00:00,1.1931000000000005,February 2021
CoronaUpdateBot,2021-02-28 04:10:07+00:00,15.502000000000002,February 2021
iWeller_health,2021-02-28 09:26:26+00:00,5.091700000000001,February 2021
CoronaUpdateBot,2021-02-28 14:45:01+00:00,15.502000000000002,February 2021
scarletmonahan,2021-02-28 17:25:53+00:00,-6.886999999999999,February 2021
frigamribe88,2021-02-28 20:35:01+00:00,28.8556,February 2021
frigamribe88,2021-02-28 20:57:12+00:00,29.7276,February 2021
frigamribe88,2021-02-28 20:57:37+00:00,30.5996,February 2021
frigamribe88,2021-02-28 21:23:20+00:00,31.4716,February 2021
CoronaUpdateBot,2021-02-28 23:50:05+00:00,16.012600000000006,February 2021
PluginTwter,2021-03-01 02:29:00+00:00,3.929,March 2021
PluginTwter,2021-03-01 03:51:35+00:00,3.929,March 2021
ExBulletinUk,2021-03-01 03:58:49+00:00,-3.5870999999999995,March 2021
CoronaUpdateBot,2021-03-01 08:41:37+00:00,15.859500000000002,March 2021
PluginTwter,2021-03-01 08:48:14+00:00,3.929,March 2021
scarletmonahan,2021-03-01 12:57:25+00:00,-7.6995999999999984,March 2021
adventuremotive,2021-03-01 21:51:50+00:00,4.0364,March 2021
scarletmonahan,2021-03-01 22:03:26+00:00,-7.4263999999999974,March 2021
PluginTwter,2021-03-02 04:00:54+00:00,3.7027,March 2021
world_news_eng,2021-03-02 06:35:03+00:00,3.5415000000000005,March 2021
ZyiteGadgets,2021-03-02 08:06:10+00:00,2.2351000000000005,March 2021
news24x75,2021-03-02 08:49:40+00:00,-0.2779999999999998,March 2021
CoronaUpdateBot,2021-03-02 11:23:23+00:00,15.859500000000002,March 2021
frigamribe88,2021-03-02 18:54:53+00:00,32.3436,March 2021
frigamribe88,2021-03-03 01:55:25+00:00,33.2156,March 2021
news24x75,2021-03-03 04:32:02+00:00,-0.2007999999999998,March 2021
frigamribe88,2021-03-03 04:50:46+00:00,34.0876,March 2021
CoronaUpdateBot,2021-03-03 14:15:05+00:00,15.318400000000002,March 2021
iWeller_health,2021-03-03 16:44:30+00:00,5.704100000000001,March 2021
Reuters_Health,2021-03-03 17:15:04+00:00,3.4577000000000004,March 2021
news24x75,2021-03-03 17:50:41+00:00,-0.2007999999999998,March 2021
adventuremotive,2021-03-04 02:51:52+00:00,4.0173000000000005,March 2021
adventuremotive,2021-03-04 03:32:05+00:00,3.829600000000001,March 2021
PluginTwter,2021-03-04 04:27:07+00:00,3.7027,March 2021
PluginTwter,2021-03-04 07:33:21+00:00,4.1431,March 2021
CoronaUpdateBot,2021-03-04 07:40:16+00:00,15.471500000000002,March 2021
PluginTwter,2021-03-04 12:59:20+00:00,4.700500000000001,March 2021
frigamribe88,2021-03-04 14:21:34+00:00,34.9596,March 2021
PluginTwter,2021-03-04 16:14:07+00:00,4.700500000000001,March 2021
Reuters_Health,2021-03-04 17:45:06+00:00,4.158,March 2021
ZyiteGadgets,2021-03-04 21:20:36+00:00,2.2351000000000005,March 2021
VaccineHouston,2021-03-04 22:48:29+00:00,0.0,March 2021
adventuremotive,2021-03-05 05:51:53+00:00,4.170800000000002,March 2021
lizditz,2021-03-05 09:30:53+00:00,1.9932,March 2021
newsfilterio,2021-03-05 14:40:49+00:00,0.6192,March 2021
VaccineHouston,2021-03-05 22:08:28+00:00,0.0,March 2021
ExBulletinUk,2021-03-06 05:38:38+00:00,-2.9062999999999994,March 2021
viralvideovlogs,2021-03-06 05:46:39+00:00,5.8172000000000015,March 2021
CoronaUpdateBot,2021-03-06 16:01:32+00:00,15.471500000000002,March 2021
world_news_eng,2021-03-07 18:35:01+00:00,3.5415000000000005,March 2021
CoronaUpdateBot,2021-03-08 01:39:01+00:00,15.744700000000002,March 2021
AIExpert14,2021-03-08 05:28:22+00:00,17.389499999999998,March 2021
VaccineHouston,2021-03-08 08:18:29+00:00,0.0,March 2021
CoronaUpdateBot,2021-03-08 11:11:00+00:00,15.744700000000002,March 2021
news24x75,2021-03-08 17:38:20+00:00,-0.2007999999999998,March 2021
globalfirstnews,2021-03-08 19:50:07+00:00,2.1672,March 2021
frigamribe88,2021-03-09 03:47:44+00:00,35.8316,March 2021
africanaffairs,2021-03-09 12:35:53+00:00,6.165199999999998,March 2021
AJBlackston,2021-03-09 16:24:10+00:00,8.7778,March 2021
newsfilterio,2021-03-09 16:43:20+00:00,1.1131,March 2021
globalfirstnews,2021-03-09 23:22:09+00:00,2.2444,March 2021
adventuremotive,2021-03-09 23:42:01+00:00,4.2735,March 2021
CoronaUpdateBot,2021-03-10 05:13:08+00:00,15.744700000000002,March 2021
AJBlackston,2021-03-10 06:05:23+00:00,9.095999999999998,March 2021
world_news_eng,2021-03-10 06:15:01+00:00,3.644200000000001,March 2021
SputnikInt,2021-03-10 07:27:05+00:00,1.305699999999999,March 2021
iWeller_health,2021-03-10 13:52:17+00:00,6.125600000000001,March 2021
viralvideovlogs,2021-03-10 14:16:11+00:00,5.8172000000000015,March 2021
viralvideovlogs,2021-03-10 14:16:15+00:00,5.8172000000000015,March 2021
viralvideovlogs,2021-03-10 14:58:14+00:00,5.919900000000001,March 2021
newsfilterio,2021-03-10 14:59:31+00:00,1.1131,March 2021
AJBlackston,2021-03-10 20:44:54+00:00,9.414199999999996,March 2021
iWeller_health,2021-03-10 21:25:58+00:00,6.125600000000001,March 2021
WinterloveGuo,2021-03-11 03:30:21+00:00,-10.110699999999998,March 2021
PluginTwter,2021-03-11 03:30:57+00:00,4.700500000000001,March 2021
WinterloveGuo,2021-03-11 03:31:12+00:00,-10.906599999999996,March 2021
VaccineHouston,2021-03-11 08:53:28+00:00,0.0,March 2021
SputnikInt,2021-03-11 12:21:00+00:00,1.305699999999999,March 2021
WinterloveGuo,2021-03-11 14:37:15+00:00,-11.702499999999995,March 2021
iWeller_health,2021-03-11 16:00:47+00:00,5.631700000000001,March 2021
PluginTwter,2021-03-11 21:15:57+00:00,4.700500000000001,March 2021
Reuters_Health,2021-03-11 23:30:24+00:00,4.158,March 2021
iWeller_health,2021-03-12 01:42:44+00:00,5.631700000000001,March 2021
PluginTwter,2021-03-12 08:51:19+00:00,5.193200000000001,March 2021
VaccineHouston,2021-03-12 08:53:28+00:00,0.0,March 2021
PluginTwter,2021-03-12 09:07:08+00:00,5.270400000000001,March 2021
iWeller_health,2021-03-12 12:50:16+00:00,6.1891000000000025,March 2021
world_news_eng,2021-03-12 16:25:02+00:00,3.644200000000001,March 2021
adventuremotive,2021-03-12 17:51:57+00:00,4.2544,March 2021
iWeller_health,2021-03-12 18:03:26+00:00,6.939700000000002,March 2021
frigamribe88,2021-03-12 20:35:32+00:00,36.7036,March 2021
ZyiteGadgets,2021-03-12 22:06:04+00:00,2.2351000000000005,March 2021
lizditz,2021-03-13 02:21:13+00:00,1.7669,March 2021
CoronaUpdateBot,2021-03-13 06:00:14+00:00,15.448700000000002,March 2021
scarletmonahan,2021-03-13 10:58:08+00:00,-7.4263999999999974,March 2021
AndyVermaut,2021-03-13 12:43:06+00:00,-1.5377000000000005,March 2021
WinterloveGuo,2021-03-13 14:50:48+00:00,-12.498399999999995,March 2021
WinterloveGuo,2021-03-13 14:55:38+00:00,-13.294299999999994,March 2021
WinterloveGuo,2021-03-13 15:03:58+00:00,-14.090199999999996,March 2021
CoronaUpdateBot,2021-03-13 16:03:09+00:00,15.087500000000002,March 2021
frigamribe88,2021-03-14 03:50:51+00:00,37.5756,March 2021
PluginTwter,2021-03-14 03:53:21+00:00,5.270400000000001,March 2021
AIExpert14,2021-03-14 03:57:56+00:00,18.1158,March 2021
africanaffairs,2021-03-14 10:44:35+00:00,6.7499999999999964,March 2021
viralvideovlogs,2021-03-14 13:00:52+00:00,6.321800000000001,March 2021
PluginTwter,2021-03-14 15:45:09+00:00,4.543500000000002,March 2021
AIExpert14,2021-03-15 00:21:35+00:00,18.6413,March 2021
AIExpert14,2021-03-15 00:27:00+00:00,19.1668,March 2021
WinterloveGuo,2021-03-15 01:44:22+00:00,-14.886099999999995,March 2021
CoronaUpdateBot,2021-03-15 03:00:24+00:00,15.768300000000002,March 2021
world_news_eng,2021-03-15 04:20:02+00:00,3.644200000000001,March 2021
VaccineHouston,2021-03-15 06:18:29+00:00,0.0,March 2021
ExBulletinUk,2021-03-15 09:44:54+00:00,-2.5043999999999995,March 2021
viralvideovlogs,2021-03-15 13:16:15+00:00,6.9467000000000025,March 2021
Reuters_Health,2021-03-15 13:45:04+00:00,3.9317,March 2021
PluginTwter,2021-03-15 14:02:44+00:00,5.036200000000002,March 2021
CoronaUpdateBot,2021-03-15 16:44:08+00:00,15.768300000000002,March 2021
CoronaUpdateBot,2021-03-15 17:22:22+00:00,15.819900000000002,March 2021
viralvideovlogs,2021-03-15 19:35:17+00:00,7.3682000000000025,March 2021
Reuters_Health,2021-03-15 22:15:03+00:00,4.6501,March 2021
AIExpert14,2021-03-16 00:52:29+00:00,19.8931,March 2021
WinterloveGuo,2021-03-16 01:45:03+00:00,-15.681999999999995,March 2021
viralvideovlogs,2021-03-16 11:31:55+00:00,6.903400000000001,March 2021
CoronaUpdateBot,2021-03-16 12:44:39+00:00,15.819900000000002,March 2021
iWeller_health,2021-03-16 15:24:40+00:00,7.697600000000002,March 2021
iWeller_health,2021-03-16 21:20:26+00:00,8.156400000000001,March 2021
newsfilterio,2021-03-17 03:56:16+00:00,1.3394,March 2021
viralvideovlogs,2021-03-17 06:56:16+00:00,6.409500000000001,March 2021
iWeller_health,2021-03-17 07:09:24+00:00,7.774600000000001,March 2021
iWeller_health,2021-03-17 17:56:28+00:00,6.943000000000001,March 2021
ExBulletinUk,2021-03-18 00:49:51+00:00,-2.9258999999999995,March 2021
frigamribe88,2021-03-18 05:54:28+00:00,38.4476,March 2021
viralvideovlogs,2021-03-18 05:58:21+00:00,6.409500000000001,March 2021
VaccineHouston,2021-03-18 09:28:29+00:00,0.0,March 2021
VaccineHouston,2021-03-18 10:03:29+00:00,0.0,March 2021
AndyVermaut,2021-03-18 11:50:06+00:00,-1.5377000000000005,March 2021
scarletmonahan,2021-03-18 12:10:11+00:00,-7.8081999999999985,March 2021
WinterloveGuo,2021-03-18 14:08:11+00:00,-16.477899999999995,March 2021
VaccineHouston,2021-03-18 22:13:29+00:00,0.0,March 2021
viralvideovlogs,2021-03-19 03:17:52+00:00,6.409500000000001,March 2021
iWeller_health,2021-03-19 04:58:50+00:00,6.647000000000001,March 2021
world_news_eng,2021-03-19 05:20:03+00:00,4.005400000000002,March 2021
iWeller_health,2021-03-19 06:20:49+00:00,6.647000000000001,March 2021
adventuremotive,2021-03-19 08:01:52+00:00,4.331600000000001,March 2021
frigamribe88,2021-03-19 19:20:54+00:00,39.3196,March 2021
iWeller_health,2021-03-19 20:00:52+00:00,6.647000000000001,March 2021
scarletmonahan,2021-03-20 05:16:43+00:00,-8.6208,March 2021
AJBlackston,2021-03-20 15:17:31+00:00,9.732399999999997,March 2021
CoronaUpdateBot,2021-03-20 18:00:07+00:00,15.691900000000002,March 2021
VaccineHouston,2021-03-21 02:08:29+00:00,0.5766,March 2021
CoronaUpdateBot,2021-03-21 09:17:53+00:00,16.0101,March 2021
WinterloveGuo,2021-03-21 13:51:43+00:00,-17.273799999999994,March 2021
WinterloveGuo,2021-03-21 14:15:42+00:00,-18.069699999999994,March 2021
viralvideovlogs,2021-03-21 17:48:21+00:00,6.7131000000000025,March 2021
Reuters_Health,2021-03-22 01:45:09+00:00,4.6501,March 2021
CoronaUpdateBot,2021-03-22 02:17:31+00:00,16.582,March 2021
iWeller_health,2021-03-22 02:25:43+00:00,6.647000000000001,March 2021
AJBlackston,2021-03-22 02:56:06+00:00,9.655199999999997,March 2021
VaccineHouston,2021-03-22 12:13:29+00:00,0.5766,March 2021
WinterloveGuo,2021-03-22 13:43:53+00:00,-18.865599999999993,March 2021
WinterloveGuo,2021-03-22 13:54:46+00:00,-19.661499999999997,March 2021
viralvideovlogs,2021-03-22 14:35:06+00:00,6.7131000000000025,March 2021
iWeller_health,2021-03-22 17:38:46+00:00,7.008200000000001,March 2021
AJBlackston,2021-03-23 01:02:53+00:00,10.076699999999997,March 2021
AndyVermaut,2021-03-23 02:15:35+00:00,-1.2466000000000004,March 2021
CoronaUpdateBot,2021-03-23 04:59:09+00:00,16.9432,March 2021
adventuremotive,2021-03-23 06:22:06+00:00,4.331600000000001,March 2021
VaccineHouston,2021-03-23 06:48:29+00:00,0.5766,March 2021
viralvideovlogs,2021-03-23 11:17:47+00:00,6.2364000000000015,March 2021
WinterloveGuo,2021-03-23 14:16:30+00:00,-20.457399999999996,March 2021
Reuters,2021-03-23 16:00:19+00:00,1.1931000000000005,March 2021
globalfirstnews,2021-03-23 18:57:37+00:00,3.0226999999999995,March 2021
VIKBataille,2021-03-23 22:39:59+00:00,0.30919999999999986,March 2021
world_news_eng,2021-03-24 04:25:02+00:00,4.005400000000002,March 2021
CoronaUpdateBot,2021-03-24 06:56:07+00:00,16.9432,March 2021
VaccineHouston,2021-03-24 10:33:29+00:00,0.5766,March 2021
globalfirstnews,2021-03-24 12:14:32+00:00,2.3629999999999995,March 2021
WinterloveGuo,2021-03-24 12:55:27+00:00,-21.253299999999992,March 2021
WinterloveGuo,2021-03-24 12:56:01+00:00,-22.049199999999992,March 2021
AJBlackston,2021-03-24 17:18:19+00:00,9.923599999999997,March 2021
WinterloveGuo,2021-03-25 00:37:07+00:00,-22.84509999999999,March 2021
AJBlackston,2021-03-25 00:37:07+00:00,10.480999999999996,March 2021
newsfilterio,2021-03-25 01:46:49+00:00,1.8161,March 2021
AndyVermaut,2021-03-25 02:25:33+00:00,-1.5866000000000005,March 2021
iWeller_health,2021-03-25 04:40:49+00:00,7.008200000000001,March 2021
WinterloveGuo,2021-03-25 13:16:40+00:00,-23.64099999999999,March 2021
WinterloveGuo,2021-03-25 14:07:15+00:00,-24.43689999999999,March 2021
VaccineHouston,2021-03-25 15:38:28+00:00,0.5766,March 2021
VaccineHouston,2021-03-25 17:53:29+00:00,0.5766,March 2021
CoronaUpdateBot,2021-03-25 21:38:54+00:00,16.625,March 2021
SputnikInt,2021-03-25 22:25:00+00:00,1.305699999999999,March 2021
CoronaUpdateBot,2021-03-26 00:45:22+00:00,16.625,March 2021
AIExpert14,2021-03-26 01:11:23+00:00,20.619399999999995,March 2021
VaccineHouston,2021-03-26 02:38:28+00:00,0.5766,March 2021
iWeller_health,2021-03-26 06:34:46+00:00,6.436300000000001,March 2021
newsfilterio,2021-03-26 07:15:53+00:00,1.8161,March 2021
VaccineHouston,2021-03-26 09:58:29+00:00,0.5766,March 2021
iWeller_health,2021-03-26 09:59:10+00:00,5.605600000000001,March 2021
VaccineHouston,2021-03-26 10:23:28+00:00,0.985,March 2021
CoronaUpdateBot,2021-03-26 10:46:07+00:00,16.329,March 2021
WinterloveGuo,2021-03-26 13:20:17+00:00,-25.23279999999999,March 2021
WinterloveGuo,2021-03-26 13:47:02+00:00,-26.02869999999999,March 2021
VaccineHouston,2021-03-26 16:03:28+00:00,0.985,March 2021
lizditz,2021-03-26 20:50:13+00:00,1.7669,March 2021
AJBlackston,2021-03-26 22:15:42+00:00,10.921399999999995,March 2021
VaccineHouston,2021-03-26 22:18:28+00:00,0.985,March 2021
iWeller_health,2021-03-26 23:08:49+00:00,5.4525000000000015,March 2021
